Page Number,Lesson Number,Ex/Voc,Sing. / Perf.,Dual / Imperf.,Plural / Verbal N.,English Translations,Verb Form,Part of Speech,Note/Warning
13,1,Vocabulary,اَللّٰهُ,,,God,,noun,checked against textbook
13,1,Vocabulary,إِلٰهٌ,,آلِهَةٌ,a god,,noun,checked against textbook
13,1,Vocabulary,أَجْرٌ,,أُجُورٌ,reward,,noun,checked against textbook
13,1,Vocabulary,آيَةٌ,,آيَاتٌ,"sign, verse",,noun,checked against textbook
13,1,Vocabulary,بَلَدٌ,,بِلَادٌ,town,,noun,checked against textbook
13,1,Vocabulary,رَسُولٌ,,رُسُلٌ,messenger,,noun,checked against textbook
13,1,Vocabulary,رَحْمَةٌ,,,mercy,,noun,checked against textbook
13,1,Vocabulary,عَذَابٌ,,,punishment,,noun,checked against textbook
13,1,Vocabulary,فَوْزٌ,,,victory,,noun,checked against textbook
13,1,Vocabulary,قُرْآنٌ,,,"Qur’ān, recitation",,noun,checked against textbook
13,1,Vocabulary,كِتَابٌ,,كُتُبٌ,"scripture, document, book",,noun,checked against textbook
13,1,Vocabulary,خَلِيفَةٌ,,خُلَفَاءُ,"successor, viceroy, caliph",,noun,checked against textbook
13,1,Vocabulary,أَرْضٌ (f.),,,earth,,noun,checked against textbook
13,1,Vocabulary,أُمٌّ,,أُمَّهَاتٌ,mother,,noun,checked against textbook
13,1,Vocabulary,يَوْمٌ,,أَيَّامٌ,day,,noun,checked against textbook
13,1,Vocabulary,أَمِينٌ,,,"faithful, secure",,noun,checked against textbook
13,1,Vocabulary,آخِرٌ,,,"last, [next]",,noun,checked against textbook
13,1,Vocabulary,شَدِيدٌ,,شِدَادٌ,"strong, severe",,noun,checked against textbook
13,1,Vocabulary,عَزِيزٌ,,,mighty,,noun,checked against textbook
14,1,Vocabulary,عَظِيمٌ,,,"great, mighty",,noun,checked against textbook
14,1,Vocabulary,قَوِيٌّ,,,strong,,noun,checked against textbook
14,1,Vocabulary,كَبِيرٌ,,,"big, great",,noun,checked against textbook
14,1,Vocabulary,كَرِيمٌ,,كِرَامٌ,"noble, generous",,noun,checked against textbook
14,1,Vocabulary,مَجِيدٌ,,,glorious,,noun,checked against textbook
14,1,Vocabulary,وَاسِعٌ,,,"wide, ample",,noun,checked against textbook
14,1,Vocabulary,مُبِينٌ,,,clear,,noun,checked against textbook
14,1,Vocabulary,أَوَّلُ,,أَوَّلُونَ,first,,noun,checked against textbook
14,1,Vocabulary,أُولَى (f.),,,first,,noun,checked against textbook
14,1,Vocabulary,آخَرُ,,آخَرُونَ,other,,noun,checked against textbook
14,1,Vocabulary,أُخْرَىٰ (f.),,أُخَرُ,other,,noun,checked against textbook
19,2,Vocabulary,رَجُلٌ,,رِجَالٌ,man,,noun,checked against textbook
19,2,Vocabulary,سَمَاءٌ,,سَمَاوَاتٌ,"heaven, sky",,noun,checked against textbook
19,2,Vocabulary,عَبْدٌ,,عِبَادٌ,"servant, slave",,noun,checked against textbook
19,2,Vocabulary,قَرْنٌ,,قُرُونٌ,generation [horn],,noun,checked against textbook
19,2,Vocabulary,قَرْيَةٌ,,قُرًى,"settlement, village",,noun,checked against textbook
19,2,Vocabulary,قَوْمٌ,,أَقْوَامٌ,people,,noun,checked against textbook
19,2,Vocabulary,مَنْفَعَةٌ,,مَنَافِعُ,benefit,,noun,checked against textbook
19,2,Vocabulary,كَافِرٌ,,كَافِرُونَ,"unbeliever, ungrateful",,noun,checked against textbook
19,2,Vocabulary,مُؤْمِنٌ,,مُؤْمِنُونَ,believer,,noun,checked against textbook
19,2,Vocabulary,ظَالِمٌ,,ظَالِمُونَ,wrongdoer,,noun,checked against textbook
19,2,Vocabulary,أَعْجَمِيٌّ,,أَعْجَمِيُّونَ,foreign,,noun,checked against textbook
19,2,Vocabulary,عَرَبِيٌّ,,عَرَبٌ,"Arab, Arabic",,noun,checked against textbook
19,2,Vocabulary,مُسْلِمٌ,,مُسْلِمُونَ,Muslim,,noun,checked against textbook
19,2,Vocabulary,نَصْرَانِيٌّ,,نَصَارَى,Christian,,noun,checked against textbook
19,2,Vocabulary,يَهُودِيٌّ,,يَهُودٌ,"Jew, Jewish",,noun,checked against textbook
20,2,Vocabulary,سَنَةٌ,,سِنُونَ,year,,noun,checked against textbook
20,2,Vocabulary,فَاكِهَةٌ,,فَوَاكِهُ,fruit,,noun,checked against textbook
20,2,Vocabulary,كَثِيرٌ,,كَثِيرُونَ / كِثَارٌ,many,,noun,checked against textbook
20,2,Vocabulary,تَوَّابٌ,,تَوَّابُونَ,"relenting (s.), repenting (pl.)",,noun,checked against textbook
20,2,Vocabulary,مُكْرَمٌ,,مُكْرَمُونَ,honoured,,noun,checked against textbook
27,3,Vocabulary,جَنَّةٌ,,جَنَّاتٌ,garden,,noun,
27,3,Vocabulary,جَارِيَةٌ,,جَوَارٍ,"ship, young woman",,noun,
27,3,Vocabulary,حَقٌّ,,حُقُوقٌ,truth; true,,noun,
27,3,Vocabulary,فِتْنَةٌ,,فِتَنٌ,"affliction, temptation",,noun,
27,3,Vocabulary,بُشْرَى,,,good tidings,,noun,
27,3,Vocabulary,اَلدُّنْيَا,,,world,,noun,checked against textbook
27,3,Vocabulary,وَادٍ,,,valley,,noun,
27,3,Vocabulary,عَصًا,,,"stick, staff",,noun,
27,3,Vocabulary,نَذِيرٌ,,نُذُرٌ,warner,,noun,
27,3,Vocabulary,هُدًى,,,guidance,,noun,
27,3,Vocabulary,مَكَّةُ,,,Mecca,,noun,
27,3,Vocabulary,فَقِيرٌ,,فُقَرَاءُ,poor,,noun,
27,3,Vocabulary,أَسْوَدُ,,سُودٌ,black,,noun,checked against textbook
27,3,Vocabulary,سَوْدَاءُ,,,(f.) black,,noun,checked against textbook
27,3,Vocabulary,أَبْيَضُ,,بِيضْ,white,,noun,checked against textbook
27,3,Vocabulary,بَيْضَاءُ (f.),,,(f.) white,,noun,checked against textbook
27,3,Vocabulary,عَالٍ,,,"high, lofty",,noun,checked against textbook
28,3,Vocabulary,عَالِيَةٌ (f.),,,"high, lofty",,noun,checked against textbook
28,3,Vocabulary,لَطِيفٌ,,,gentle,,noun,
28,3,Vocabulary,جَاهِلٌ,,جَاهِلُونَ,ignorant,,noun,checked against textbook
32,4,Vocabulary,نَارٌ (f.),,نِيرَانٌ,"fire, Hell",,noun,
32,4,Vocabulary,صَدَقَةٌ,,صَدَقَاتٌ,alms,,noun,
32,4,Vocabulary,عُرْفٌ,,أَعْرَافٌ,"crest, ridge, height",,noun,
32,4,Vocabulary,سَبِيلٌ (f.),,سُبُلٌ,"way, road, path",,noun,
32,4,Vocabulary,سَفَرٌ,,أَسْفَارٌ,journey,,noun,
32,4,Vocabulary,ضَلَالٌ,,,error,,noun,
32,4,Vocabulary,فَسَادٌ,,,corruption,,noun,
32,4,Vocabulary,حَمْدٌ,,,praise,,noun,
32,4,Vocabulary,أَهْلٌ,,أَهْلُونَ,"people, family, folk",,noun,
32,4,Vocabulary,شَمْسٌ,,,sun,,noun,
32,4,Vocabulary,رَحِيمٌ,,,compassionate,,noun,
32,4,Vocabulary,صَابِرٌ,,,"patient, steadfast",,noun,
33,4,Vocabulary,مِنْ,,,"from, of",,noun,checked against textbook
33,4,Vocabulary,فِي,,,"in, concerning",,noun,checked against textbook
33,4,Vocabulary,ﻟِ,,,"to, for (Note that this entry uses the initial form ﻟ instead of the isolated form ل to indicate it is prefixed/connected to the word)",,noun,checked against textbook
33,4,Vocabulary,ﺑِ,,,"in, at, by (Note that this entry uses the initial form ﺑ instead of the isolated form ب to indicate it is prefixed/connected to the word)",,noun,checked against textbook
33,4,Vocabulary,عَلَى,,,"on, against",,noun,checked against textbook
33,4,Vocabulary,إِلَى,,,to (motion),,noun,checked against textbook
33,4,Vocabulary,مَعَ,,,with,,noun,checked against textbook
33,4,Vocabulary,بَيْنَ,,,"between, among",,noun,checked against textbook
37,5,Vocabulary,اِبْنٌ,,أَبْنَاءٌ / بَنُونَ,son,,noun,checked against textbook
37,5,Vocabulary,وَلِيٌّ,,أَوْلِيَاءُ,"friend, protector",,noun,
37,5,Vocabulary,خَالِدٌ,,خَالِدُونَ,"remaining in, everlasting",,noun,
37,5,Vocabulary,صَالِحٌ,,,righteous,,noun,
37,5,Vocabulary,نِعْمَةٌ,,,"blessing, bounty",,noun,
37,5,Vocabulary,أَخٌ,,إِخْوَانٌ / إِخْوَةٌ,brother,,noun,
37,5,Vocabulary,رَبٌّ,,أَرْبَابٌ,lord,,noun,
37,5,Vocabulary,عَمَلٌ,,أَعْمَالٌ,work,,noun,
37,5,Vocabulary,حَسْبٌ,,,"sufficiency, reckoning",,noun,
37,5,Vocabulary,قَرِيبٌ,,,near,,noun,
37,5,Vocabulary,سَمِيعٌ,,,hearing (adjective),,noun,
37,5,Vocabulary,حَيَاةٌ / (حَيَوٰةٌ also),,,life,,noun,checked against textbook
39,6,Vocabulary,هٰذَا,,هٰؤُلَآءِ,"This, These",,demonstrative pronoun/adjective,checked against textbook
39,6,Vocabulary,هٰذِهِ,,,"This (f.s.), these",,demonstrative pronoun/adjective,checked against textbook
39,6,Vocabulary,ذٰلِك,,أُولَائِكَ,"That, Those",,demonstrative pronoun/adjective,checked against textbook
39,6,Vocabulary,تِلْكَ,,,"That (f.s.), those",,demonstrative pronoun/adjective,checked against textbook
41,6,Vocabulary,أُمَّةٌ,,أُمَمٌ,community,,noun,checked against textbook
41,6,Vocabulary,اِبْنَةٌ,,بَنَاتٌ,daughter,,noun,checked against textbook
41,6,Vocabulary,شَيْءٌ,,أَشْيَاءُ,thing,,noun,checked against textbook
41,6,Vocabulary,دَارٌ (f.),,دُورٌ / دِيَارٌ,abode,,noun,checked against textbook
41,6,Vocabulary,حِزْبٌ,,أَحْزَابٌ,party,,noun,checked against textbook
41,6,Vocabulary,أَثَرٌ,,آثَارٌ,track; effect,,noun,checked against textbook
41,6,Vocabulary,لِسَانٌ,,أَلْسِنَةٌ,tongue,,noun,checked against textbook
41,6,Vocabulary,نَاقَةٌ,,إِبِلٌ,she-camel,,noun,checked against textbook
41,6,Vocabulary,نَهْرٌ,,أَنْهَارٌ,river,,noun,
41,6,Vocabulary,فَضْلٌ,,,bounty,,noun,
41,6,Vocabulary,سِحْرٌ,,,magic,,noun,
41,6,Vocabulary,صِرَاطٌ,,,"way, path",,noun,
41,6,Vocabulary,قَمِيصٌ,,,shirt,,noun,
41,6,Vocabulary,مُجْرِمٌ,,,sinner,,noun,checked against textbook
41,6,Vocabulary,قَلِيلٌ,,,few,,noun,
41,6,Vocabulary,مُسْتَقِيمٌ,,,straight,,noun,
41,6,Vocabulary,عَجِيبٌ,,,"amazing, strange, wonderful",,noun,
41,6,Vocabulary,حَلَالٌ,,,permissible,,noun,
41,6,Vocabulary,حَرَامٌ,,,"forbidden, sacred",,noun,
41,6,Vocabulary,بَعِيدٌ,,,"far reaching, distant",,noun,
42,6,Vocabulary,يَسِيرٌ,,,easy,,noun,
42,6,Vocabulary,عَسِيرٌ,,,difficult,,noun,
42,6,Vocabulary,قَبْلَ,,,before,,noun,
42,6,Vocabulary,بَعْدَ,,,after,,noun,
47,7,Vocabulary,اَلرَّحْمٰنُ,,,the Merciful,,noun,checked against textbook
47,7,Vocabulary,,,اَلْعَالَمِينَ,(gen. pl. only) created beings,,noun,checked against textbook
47,7,Vocabulary,شَفًا,,,"lip, rim, edge",,noun,checked against textbook
47,7,Vocabulary,حُفْرَةٌ,,,pit,,noun,
47,7,Vocabulary,أَبٌ,,آبَاءٌ,father,,noun,
47,7,Vocabulary,صَاحِبٌ,,أَصْحَابٌ,"companion, inhabitant",,noun,
47,7,Vocabulary,طَائِفَةٌ,,,"group, number, party",,noun,
47,7,Vocabulary,اِمْرَأَةٌ,,نِسَاءٌ / نِسْوَةٌ,woman,,noun,checked against textbook
47,7,Vocabulary,أَمْرٌ,,أُمُورٌ,"affair, matter, command",,noun,checked against textbook
47,7,Vocabulary,إِنْسَانٌ,,اَلنَّاسُ,man; people (pl.),,noun,checked against textbook
47,7,Vocabulary,ذُو,,أُولُو,possessor of,,noun,
47,7,Vocabulary,اِسْمٌ,,أَسْمَاءٌ,name,,noun,checked against textbook
47,7,Vocabulary,,,أَلْبَابٌ,"hearts, intellects",,noun,checked against textbook
47,7,Vocabulary,بَصَرٌ,,أَبْصَارٌ,sight; eye,,noun,
47,7,Vocabulary,يَدٌ (f.),,أَيْدٍ,hand,,noun,checked against textbook
48,7,Vocabulary,عَدُوٌّ,,أَعْدَاءٌ,enemy,,noun,
48,7,Vocabulary,شَيْطَانٌ,,شَيَاطِينُ,devil,,noun,
48,7,Vocabulary,سَوْءٌ,,,evil,,noun,checked against textbook
48,7,Vocabulary,عَاقِبَةٌ,,,"end, consequence",,noun,
48,7,Vocabulary,مَدِينَةٌ,,مُدُنٌ,city,,noun,
48,7,Vocabulary,بَيْتٌ,,بُيُوتٌ,house,,noun,
53,8,Vocabulary,بَعَثَ,يَبْعَثُ,بَعْثٌ,"to send, raise",,verb,
53,8,Vocabulary,بَلَغَ,يَبْلُغُ,بُلُوغٌ,to reach,,verb,
53,8,Vocabulary,جَعَلَ,يَجْعَلُ,جَعْلٌ,"to make, assign, appoint",,verb,
54,8,Vocabulary,حَمَلَ,يَحْمِلُ,حَمْلٌ,to carry,,verb,
54,8,Vocabulary,خَلَقَ,يَخْلُقُ,خَلْقٌ,to create,,verb,
54,8,Vocabulary,دَخَلَ,يَدْخُلُ,دُخُولٌ,to enter,,verb,
54,8,Vocabulary,ذَكَرَ,يَذْكُرُ,ذِكْرٌ,to mention,,verb,
54,8,Vocabulary,ذَهَبَ,يَذْهَبُ,ذَهَابٌ,to go away,,verb,
54,8,Vocabulary,سَمِعَ,يَسْمَعُ,سَمْعٌ,to hear,,verb,
54,8,Vocabulary,شَرِبَ,يَشْرَبُ,شُرْبٌ,to drink,,verb,checked against textbook
54,8,Vocabulary,شَهِدَ,يَشْهَدُ,شَهَادَةٌ,to witness,,verb,
54,8,Vocabulary,ضَرَبَ,يَضْرِبُ,ضَرْبٌ,"to strike, coin, journey",,verb,checked against textbook
54,8,Vocabulary,عَمِلَ,يَعْمَلُ,عَمَلٌ,"to do, work",,verb,
54,8,Vocabulary,كَتَبَ,يَكْتُبُ,كِتَابَةٌ,to write,,verb,
54,8,Vocabulary,وَجَدَ,يَجِدُ,وُجُودٌ,to find,,verb,
54,8,Vocabulary,وَعَدَ,يَعِدُ,وَعْدٌ,to promise,,verb,
54,8,Vocabulary,رَجَعَ,يَرْجِعُ,رُجُوعٌ,to return,,verb,
54,8,Vocabulary,ظَهَرَ,يَظْهَرُ,ظُهُورٌ,to appear,,verb,
54,8,Vocabulary,كَرِهَ,يَكْرَهُ,كَرْهٌ,"to be reluctant, hate",,verb,checked against textbook
54,8,Vocabulary,لَبِثَ,يَلْبَثُ,لَبْثٌ,"to tarry, linger",,verb,
54,8,Vocabulary,سَيِّئَةٌ,,سَيِّئَاتٌ,"evil, ill",,noun,
54,8,Vocabulary,قَمَرٌ,,,moon,,noun,
54,8,Vocabulary,ضِيَاءٌ,,,"light, illumination",,noun,
55,8,Vocabulary,نُورٌ,,أَنْوَارٌ,light,,noun,
55,8,Vocabulary,مَثَلٌ,,أَمْثَالٌ,"likeness, parallel",,noun,checked against textbook
55,8,Vocabulary,مَطْلِعٌ,,,rising-place,,noun,
55,8,Vocabulary,مَغْرِبٌ,,مَغَارِبُ,setting-place,,noun,
55,8,Vocabulary,بَرٌّ,,,land,,noun,
55,8,Vocabulary,بَحْرٌ,,بِحَارٌ,sea,,noun,
55,8,Vocabulary,حَمْلٌ,,,load,,noun,checked against textbook
55,8,Vocabulary,يَوْمُ ٱلْبَعْثِ,,,Day of Resurrection,,noun,checked against textbook
55,8,Vocabulary,اَلزَّبُورُ,,,the Psalms,,noun,checked against textbook
55,8,Vocabulary,خَفِيفٌ,,,light (adj.),,noun,
60,9,Vocabulary,أَخَذَ,يَأْخُذُ,أَخْذٌ,"to take, seize",,verb,checked against textbook
60,9,Vocabulary,أَمَرَ,يَأْمُرُ,أَمْرٌ,to order,,verb,checked against textbook
60,9,Vocabulary,تَبِعَ,يَتْبَعُ,تَبَعٌ,to follow,,verb,checked against textbook
60,9,Vocabulary,خَرَجَ,يَخْرُجُ,خُرُوجٌ,to go out,,verb,checked against textbook
60,9,Vocabulary,رَفَعَ,يَرْفَعُ,رَفْعٌ,to raise,,verb,checked against textbook
60,9,Vocabulary,سَأَلَ,يَسْأَلُ,سُؤَالٌ,to ask,,verb,checked against textbook
60,9,Vocabulary,فَعَلَ,يَفْعَلُ,فَعْلَةٌ,to do,,verb,checked against textbook
60,9,Vocabulary,كَذَبَ,يَكْذِبُ,كِذْبٌ,to tell lies,,verb,checked against textbook
60,9,Vocabulary,نَصَرَ,يَنْصُرُ,نَصْرٌ,to help,,verb,checked against textbook
60,9,Vocabulary,عَلِمَ,يَعْلَمُ,عِلْمٌ,to know,,verb,checked against textbook
60,9,Vocabulary,إِذْنٌ,,,permission,,noun,checked against textbook
60,9,Vocabulary,نَهْرٌ,,أَنْهَارٌ,river,,noun,checked against textbook
60,9,Vocabulary,ذَنْبٌ,,ذُنُوبٌ,sin,,noun,checked against textbook
60,9,Vocabulary,لَعْنَةٌ,,,curse,,noun,checked against textbook
60,9,Vocabulary,سَلَامٌ,,,peace,,noun,checked against textbook
60,9,Vocabulary,رِجْلٌ (f.),,أَرْجُلٌ,foot,,noun,checked against textbook
60,9,Vocabulary,نَفْسٌ (f.),,أَنْفُسٌ,"soul, self",,noun,checked against textbook
60,9,Vocabulary,وَلَدٌ,,أَوْلَادٌ,child,,noun,checked against textbook
61,9,Vocabulary,خِلَالَ,,,through,,noun,checked against textbook
61,9,Vocabulary,عَنْ,,,away from; concerning,,noun,CHECKED UP TO HERE AGAINST HUDELSON - checked against textbook
66,10,Vocabulary,تَرَكَ,يَتْرُكُ,تَرْكٌ,to leave,,verb,
66,10,Vocabulary,ظَلَمَ,يَظْلِمُ,ظُلْمٌ,to do wrong,,verb,checked against textbook
66,10,Vocabulary,كَسَبَ,يَكْسِبُ,كَسْبٌ,"to acquire, earn, gain",,verb,
66,10,Vocabulary,عَمِلَ,يَعْمَلُ,عَمَلٌ,"to do, work",,verb,checked against textbook
66,10,Vocabulary,فَرِحَ,يَفْرَحُ,فَرَحٌ,to rejoice in,,verb,
66,10,Vocabulary,فَرَضَ,يَفْرِضُ,فَرْضٌ,"to assign, prescribe",,verb,checked against textbook
66,10,Vocabulary,قَدِمَ,يَقْدَمُ,قُدُومٌ,"to come, advance on",,verb,checked against textbook
66,10,Vocabulary,كَنَزَ,يَكْنُزُ,كَنْزٌ,to store,,verb,checked against textbook
66,10,Vocabulary,مَنَعَ,يَمْنَعُ,مَنْعٌ,to prevent,,verb,
66,10,Vocabulary,وَقَعَ,يَقَعُ,وُقُوعٌ,"to fall, come to pass",,verb,
67,10,Vocabulary,بَشَرٌ,,,"human being (s.); men, human beings (pl.)",,noun,
67,10,Vocabulary,سُوءٌ,,,"evil, wrong",,noun,
67,10,Vocabulary,شَهِيدٌ,,شُهَدَاءُ,witness,,noun,checked against textbook
67,10,Vocabulary,قَوْلٌ,,أَقْوَالٌ / [أَقَاوِيلُ],"saying, words",,noun,checked against textbook
67,10,Vocabulary,مَقَامٌ,,,station,,noun,
67,10,Vocabulary,مُلْكٌ,,,"sovereignty, kingdom",,noun,checked against textbook
67,10,Vocabulary,عِلْمٌ,,عُلُومٌ,knowledge,,noun,
67,10,Vocabulary,نَاصِرٌ / نَصِيرٌ,,أَنْصَارٌ,helper,,noun,
67,10,Vocabulary,نِصْفٌ,,,half,,noun,
67,10,Vocabulary,خَيْرٌ,,,good,,noun,
67,10,Vocabulary,مَجْنُونٌ,,,possessed (by Jinn),,noun,
67,10,Vocabulary,مَعْرُوفٌ,,,kindness; proper,,noun,checked against textbook
67,10,Vocabulary,مَعْلُومٌ,,,known,,noun,
67,10,Vocabulary,مَيَّتٌ,,مَيَّتُونَ,dead,,noun,checked against textbook
67,10,Vocabulary,خَلْفَ,,,behind,,noun,
67,10,Vocabulary,عِنْدَ,,,"with, in the possession of",,noun,
67,10,Vocabulary,إِلَّا,,,except,,noun,
72,11,Vocabulary,حَفِظَ,يَحْفَظُ,حِفْظٌ,"to guard, preserve, keep",,verb,
72,11,Vocabulary,فَتَحَ,يَفْتَحُ,فَتْحٌ,to open,,verb,
72,11,Vocabulary,نَظَرَ,يَنْظُرُ,نَظَرٌ,"to look at (إِلَى), into (فِي)",,verb,checked against textbook
72,11,Vocabulary,إِثْمٌ,,,sin,,noun,
72,11,Vocabulary,أَجَلٌ,,,term,,noun,
72,11,Vocabulary,ثَمَرَةٌ,,ثَمَرَاتٌ,fruit,,noun,
72,11,Vocabulary,حَفِيظٌ,,حَفَظَةٌ,guardian,,noun,
72,11,Vocabulary,رَهِينٌ,,,"hostage, pledged",,noun,
72,11,Vocabulary,سَيَّارَةٌ,,سَيَّارَاتٌ,caravan,,noun,
73,11,Vocabulary,ظَنٌّ,,ظُنُونٌ,"thought, supposition, suspicion, conjecture",,noun,
73,11,Vocabulary,مَغْفِرَةٌ,,,forgiveness,,noun,
73,11,Vocabulary,مَكَانٌ,,أَمْكِنَةٌ,"place, side",,noun,
73,11,Vocabulary,لَيْلٌ,,لَيَالٍ,"night, night time",,noun,
73,11,Vocabulary,مَرَّةٌ,,مَرَّاتٌ / مِرَارٌ,"time, occasion",,noun,
73,11,Vocabulary,مَوْتٌ,,,death,,noun,
73,11,Vocabulary,نَهَارٌ,,,"day, daytime",,noun,
73,11,Vocabulary,طَعَامٌ,,,food,,noun,
73,11,Vocabulary,نَبِيٌّ,,أَنْبِيَاءُ,prophet,,noun,
73,11,Vocabulary,بَابٌ,,أَبْوَابٌ,"gate, door",,noun,
73,11,Vocabulary,رَجِيمٌ,,,accursed,,noun,
73,11,Vocabulary,مُسْتَطَرٌ,,,inscribed,,noun,
73,11,Vocabulary,صَغِيرٌ,,,small,,noun,
73,11,Vocabulary,قَدِيرٌ,,,having power over,,noun,
73,11,Vocabulary,فَوْقَ,,,"above, over (sometimes used as a synonym for *ʿalā* / عَلَى, ‘on’.)",,noun,checked against textbook
78,12,Vocabulary,كَانَ,يَكُونُ,كَوْنٌ,to be,,verb,
78,12,Vocabulary,قَالَ,يَقُولُ,قَوْلٌ,to say,,verb,
78,12,Vocabulary,سَكَتَ,يَسْكُتُ,سُكُوتٌ,to abate; (+*ʿan*) to leave,,verb,checked against textbook
78,12,Vocabulary,مَلَكٌ,,مَلَائِكَةٌ,angel,,noun,
79,12,Vocabulary,حَرَجٌ,,,"trouble, difficulty",,noun,checked against textbook
79,12,Vocabulary,أُسْوَةٌ,,,example,,noun,
79,12,Vocabulary,بِضَاعَةٌ,,بِضَائِعُ,merchandise,,noun,checked against textbook
79,12,Vocabulary,رَقِيبٌ,,,watcher,,noun,
79,12,Vocabulary,سَارِقٌ,,سَارِقُونَ,thief,,noun,
79,12,Vocabulary,عِبْرَةٌ,,,"lesson, warning",,noun,
79,12,Vocabulary,عَجَبٌ,,,wonder,,noun,
79,12,Vocabulary,غَضَبٌ,,,anger,,noun,
79,12,Vocabulary,غَفْلَةٌ,,,heedlessness,,noun,checked against textbook
79,12,Vocabulary,قَصَصٌ,,,story,,noun,
79,12,Vocabulary,لَوْحٌ,,أَلْوَاحٌ,tablet,,noun,
79,12,Vocabulary,مَتَاعٌ,,أَمْتِعَةٌ,"goods, baggage",,noun,
79,12,Vocabulary,فَاحِشَةٌ,,فَوَاحِشُ,abomination,,noun,
79,12,Vocabulary,هَشِيمٌ,,,"dry twigs, stubble",,noun,
79,12,Vocabulary,بَصِيرٌ,,,"observant, seeing",,noun,
79,12,Vocabulary,حَسَنٌ,,,"fine, good",,noun,
79,12,Vocabulary,غَافِلٌ,,,heedless,,noun,checked against textbook
79,12,Vocabulary,خَبِيرٌ,,,aware,,noun,
79,12,Vocabulary,غَفُورٌ,,,forgiving,,noun,
79,12,Vocabulary,مَفْعُولٌ,,,done,,noun,
79,12,Vocabulary,مَرِيضٌ,,مَرْضَى,"ill, sick",,noun,checked against textbook
79,12,Vocabulary,مُوسَى,,,Moses,,noun,checked against textbook
80,12,Vocabulary,إِبْرَاهِيمُ,,,Abraham,,noun,
84,13,Vocabulary,أَكَلَ,يَأْكُلُ,أَكْلٌ,to eat,,verb,
84,13,Vocabulary,سِجْنٌ,,,prison,,noun,
84,13,Vocabulary,وَالِدٌ,,,father; (dual) parents,,noun,
84,13,Vocabulary,فَتًى,,فِتْيَةٌ,youth,,noun,
84,13,Vocabulary,سَاحِرٌ,,,"magician, sorcerer",,noun,
84,13,Vocabulary,بُرْهَانٌ,,,proof,,noun,
84,13,Vocabulary,مَجْمَعٌ,,,"meeting, meeting-place, confluence",,noun,
84,13,Vocabulary,عَيْنٌ (f.),,عُيُونٌ,"spring (When عَيْنٌ has the sense of ‘eye’, its Qurʾānic plural is أَعْيُنٌ)",,noun,checked against textbook
84,13,Vocabulary,حِجَابٌ,,,"obstacle, partition, veil",,noun,checked against textbook
84,13,Vocabulary,شَرِيكٌ,,شُرَكَاءُ,"partner, associate",,noun,
84,13,Vocabulary,زَرْعٌ,,,cultivation; green crops,,noun,
84,13,Vocabulary,نَخْلٌ,,,date-palms,,noun,
84,13,Vocabulary,رُمَّانٌ,,,pomegranates,,noun,
84,13,Vocabulary,مَبْسُوطٌ,,,"spread, extended",,noun,
84,13,Vocabulary,فِئَةٌ,,,"party, group",,noun,
91,14,Vocabulary,حِجَّةٌ,,حِجَجٌ,year,,noun,checked against textbook
91,14,Vocabulary,عَامٌ,,أَعْوَامٌ,year,,noun,checked against textbook
91,14,Vocabulary,شَهْرٌ,,شُهُورٌ / أَشْهُرٌ,month,,noun,checked against textbook
91,14,Vocabulary,كَوْكَبٌ,,كَوَاكِبُ,star,,noun,checked against textbook
91,14,Vocabulary,نَقِيبٌ,,نُقَبَاءُ,chief,,noun,checked against textbook
92,14,Vocabulary,مِسْكِينٌ,,مَسَاكِينُ,"poor, destitute",,noun,checked against textbook
92,14,Vocabulary,جَلْدَةٌ,,,"lash, stripe",,noun,checked against textbook
92,14,Vocabulary,عَجِيفٌ,,عِجَافٌ,thin,,noun,checked against textbook
96,15,Vocabulary,أَخَّرَ,يُؤَخَّرُ,تَأْخِيرٌ,to defer,2,verb,checked against textbook
96,15,Vocabulary,عَلَّمَ,يُعَلِّمُ,تَعْلِيمٌ,to teach,2,verb,
96,15,Vocabulary,قَدَّمَ,يُقَدِّمُ,تَقْدِيمٌ,"to send forward, to bring forward",2,verb,
96,15,Vocabulary,كَذَّبَ,يُكَذِّبُ,تَكْذِيبٌ,"to deny, give the lie to",2,verb,
96,15,Vocabulary,جَادَلَ,يُجَادِلُ,جِدَالٌ,"to dispute, contend with",3,verb,
96,15,Vocabulary,جَاهَدَ,يُجَاهِدُ,جِهَادٌ,to strive,3,verb,
96,15,Vocabulary,قَاتَلَ,يُقَاتِلُ,قِتَالٌ,"to fight, confound",3,verb,
96,15,Vocabulary,أَرْسَلَ,يُرْسِلُ,إِرْسَالٌ,to send,4,verb,
96,15,Vocabulary,أَنْزَلَ,يُنْزِلُ,إِنْزَالٌ,to send down,4,verb,
96,15,Vocabulary,أَهْلَكَ,يُهْلِكُ,إِهْلَاكٌ,to destroy,4,verb,
96,15,Vocabulary,تَذَكَّرَ,يَتَذَكَّرُ,تَذَكُّرٌ,"to remember, bear in mind",5,verb,
96,15,Vocabulary,تَوَكَّلَ,يَتَوَكَّلُ,تَوَكُّلٌ,to put one's trust in (*ʿalā*),5,verb,checked against textbook
96,15,Vocabulary,تَعَاوَنَ,يَتَعَاوَنُ,تَعَاوُنٌ,"to co-operate, help one another",6,verb,checked against textbook
96,15,Vocabulary,اِنْقَلَبَ,يَنْقَلِبُ,اِنْقِلَابٌ,"return, be overturned",7,verb,checked against textbook
97,15,Vocabulary,اِتَّبَعَ,يَتَّبِعُ,اِتَّبَاعٌ,to follow,8,verb,checked against textbook
97,15,Vocabulary,اِخْتَلَفَ,يَخْتَلِفُ,اِخْتِلَافٌ,"to vary, differ",8,verb,
97,15,Vocabulary,اِسْتَغْفَرَ,يَسْتَغْفِرُ,اِسْتِغْفَارٌ,to seek forgiveness,10,verb,
97,15,Vocabulary,اِسْتَكْبَرَ,يَسْتَكْبِرُ,اِسْتِكْبَارٌ,"to be haughty, insolent, proud",10,verb,
97,15,Vocabulary,دِينٌ,,أَدْيَانٌ,religion,,noun,
97,15,Vocabulary,سَاعَةٌ,,سَاعَاتٌ,hour,,noun,
97,15,Vocabulary,مَاءٌ,,مِيَاهٌ,water,,noun,
102,16,Vocabulary,أَبْصَرَ,يُبْصِرُ,إِبْصَارٌ,"(*+bi-*) to see, observe",4,verb,checked against textbook
102,16,Vocabulary,دَبَّرَ,يُدَبِّرُ,تَدْبِيرٌ,"to manage, arrange",2,verb,
102,16,Vocabulary,كَلَّمَ,يُكَلِّمُ,تَكْلِيمٌ,"to speak to, address",2,verb,
102,16,Vocabulary,حِكْمَةٌ,,,wisdom,,noun,checked against textbook
102,16,Vocabulary,زَكَاةٌ / زَكَوٰةٌ,,,alms,,noun,checked against textbook
103,16,Vocabulary,صَلَاةٌ / صَلَوٰةٌ,,صَلَوَاتٌ,prayer,,noun,checked against textbook
103,16,Vocabulary,عَرْشٌ,,,throne,,noun,
103,16,Vocabulary,فَرِيقٌ,,,"party, company",,noun,
103,16,Vocabulary,قَدَمٌ (f.),,أَقْدَامٌ,foot,,noun,checked against textbook
103,16,Vocabulary,كَلَامٌ,,,"speech, words, word",,noun,
103,16,Vocabulary,تَحْتَ,,,beneath,,noun,
105,17,Vocabulary,هَلْ,,,[interrogative particle],,interrogative particle,checked against textbook
105,17,Vocabulary,أَ,,,"[interrogative particle] if it is used with *wa-* or *fa-* it precedes that particle, giving *a-fa-* or *a-wa-*",,interrogative particle,checked against textbook
105,17,Vocabulary,أَلَا,,,"can be a combined [interrogative & negative particle], or it may have the extended meaning ‘indeed’",,interrogative & negative particle / adverb,checked against textbook
105,17,Vocabulary,أَلَا,,,indeed (when أَلَا is followed by إِنَّ *inna* it will always mean 'indeed'),,adverb,checked against textbook & TODO update with info from lesson 19 & TODO just merge this with above entry?
105,17,Vocabulary,أَمْ,,,"or: introduces an alternative in an interrogative question. It can be used only in interrogative sentences, and in the Qurʾān it is used only after *a-*.",,conjunction,checked against textbook
105,17,Vocabulary,أَوْ,,,or: The general word for 'or'. This 'or' is used after هَلْ,,conjunction,checked against textbook
106,17,Vocabulary,أَيْنَ,,,'where?',,interrogative,checked against textbook
106,17,Vocabulary,أَنَّى,,,'whence?' and then 'how?',,interrogative,checked against textbook
106,17,Vocabulary,أَيَّانَ,,,'when?',,interrogative,checked against textbook
106,17,Vocabulary,مَتَى,,,'when?',,interrogative,checked against textbook
106,17,Vocabulary,كَيْفَ,,,'how?',,interrogative,checked against textbook
106,17,Vocabulary,مَا,,,'what?',,interrogative,checked against textbook
107,17,Vocabulary,مَا أَدْرَاكَ,,,'what has given you knowledge of ... ?',,idiom,checked against textbook
107,17,Vocabulary,مَاذَا,,,"'what?' (If ذَا is added to مَا, the meaning can only be interrogative)",,interrogative,checked against textbook
107,17,Vocabulary,لِمَ,,,'why?',,interrogative,checked against textbook
107,17,Vocabulary,مَنْ,,,'who?',,interrogative,checked against textbook
107,17,Vocabulary,مَنْذَا ٱلَّذِي,,,'who is there who ... ?',,idiom,checked against textbook
108,17,Vocabulary,كَمْ,,,'how many?',,interrogative,checked against textbook
108,17,Vocabulary,أَيٌّ,,,'which?',,interrogative,checked against textbook
109,17,Vocabulary,شَكَرَ,يَشْكُرُ,شُكْرٌ,"to thank, be thankful",,verb,
109,17,Vocabulary,صَبَرَ,يَصْبِرُ,صَبْرٌ,"to be patient, endure",,verb,
109,17,Vocabulary,صَدَقَ,يَصْدُقُ,صِدْقٌ,to tell the truth,,verb,
109,17,Vocabulary,قَسَمَ,يَقْسِمُ,قِسْمٌ,to divide,,verb,checked against textbook
109,17,Vocabulary,عَقَلَ,يَعْقِلُ,عَقْلٌ,to understand,,verb,
109,17,Vocabulary,عَجِلَ,يَعْجَلُ,عَجَلٌ,to hasten to,,verb,checked against textbook
109,17,Vocabulary,اِسْتَعْجَلَ,يَسْتَعْجِلُ,اِسْتِعْجَالٌ,"to hasten, seek to hasten",10,verb,checked against textbook
109,17,Vocabulary,كَفَرَ,يَكْفُرُ,كُفْرٌ,"to deny, not to believe in, to be an unbeliever",,verb,checked against textbook
109,17,Vocabulary,لَبَسَ,يَلْبِسُ,لَبْسٌ,to confound,,verb,checked against textbook
109,17,Vocabulary,أَسْمَعَ,يُسْمِعُ,إِسْمَاعٌ,to make hear,4,verb,checked against textbook
109,17,Vocabulary,بَشَّرَ,يُبَشَّرُ,تَبْشِيرٌ,to bring good news/tidings,2,verb,checked against textbook
109,17,Vocabulary,تَبَيَّنَ,يَتَبَيَّنُ,تَبَيُّنٌ,"to become clear, be made clear",5,verb,
109,17,Vocabulary,أَنْفَقَ,يُنْفِقُ,إِنْفَاقٌ,to spend,4,verb,
109,17,Vocabulary,خُسْرَانٌ,,,"loss, ruin [from *khasira* 'to lose']",,noun,
109,17,Vocabulary,حُكْمٌ,,,judgement,,noun,
109,17,Vocabulary,ذِكْرَى,,,"remembrance, reminder",,noun,
110,17,Vocabulary,مَفَرٌّ,,,refuge,,noun,
110,17,Vocabulary,قَارِعَةٌ,,,calamity,,noun,
110,17,Vocabulary,مَرَضٌ,,,illness,,noun,checked against textbook
110,17,Vocabulary,شِمَالٌ,,,"left, left hand",,noun,checked against textbook
110,17,Vocabulary,يَمِينٌ,,أَيْمَانٌ,"right, right hand; oath",,noun,checked against textbook
110,17,Vocabulary,قَلْبٌ,,قُلُوبٌ,heart,,noun,checked against textbook
110,17,Vocabulary,صُورَةٌ,,صُوَرٌ,form,,noun,checked against textbook
110,17,Vocabulary,أَصَمُّ (f.) / صَمَّاءُ,,صُمٌّ,deaf,,noun,checked against textbook & TODO check gender-word association
110,17,Vocabulary,خَالِصٌ,,,pure,,noun,checked against textbook
110,17,Vocabulary,بَاطِلٌ,,,false,,noun,checked against textbook
118,18,Vocabulary,حَسِبَ,يَحْسَبُ,مَحْسِبَةٌ,"to think, reckon",,verb,checked against textbook
118,18,Vocabulary,حَكَمَ,يَحْكُمُ,حُكْمٌ,"to judge, decide",,verb,checked against textbook
118,18,Vocabulary,سَكَنَ,يَسْكُنُ,سُكُونٌ,"to dwell, be at rest",,verb,checked against textbook
118,18,Vocabulary,طَمِعَ,يَطْمَعُ,طَمَعٌ,to desire,,verb,checked against textbook
118,18,Vocabulary,عَجَزَ,يَعْجِزُ,عَجْزٌ,to be unable,,verb,checked against textbook
118,18,Vocabulary,نَزَغَ,يَنْزَغُ,نَزْغٌ,"to cause strife, dissension",,verb,checked against textbook
118,18,Vocabulary,نَفِدَ,يَنْفَدُ,نَفَادٌ,to be exhausted,,verb,checked against textbook
118,18,Vocabulary,حَرَّمَ,يُحَرِّمُ,تَحْرِيمٌ,"to forbid, prohibit",2,verb,
118,18,Vocabulary,نَزَّلَ,يُنَزِّلُ,تَنْزِيلٌ,to send down,2,verb,
118,18,Vocabulary,أَنْذَرَ,يُنْذِرُ,إِنْذَارٌ,to warn,4,verb,
118,18,Vocabulary,تَابَعَ,يُتَابِعُ,مُتَابَعَةٌ,to do allegiance to,3,verb,
118,18,Vocabulary,أَدْخَلَ,يُدْخِلُ,إِدْخَالٌ,to cause to enter,4,verb,
118,18,Vocabulary,ذَبَحَ,يُذَبِّحُ,ذَبْحٌ,to sacrifice,,verb,
118,18,Vocabulary,أَسْخَطَ,يُسْخِطُ,إِسْخَاطٌ,to vex,4,verb,
118,18,Vocabulary,أَشْرَكَ,يُشْرِكُ,إِشْرَاكٌ,to ascribe partners to,4,verb,
118,18,Vocabulary,تَصَدَّقَ,يَتَصَدَّقُ,تَصَدُّقٌ,to give alms,5,verb,
118,18,Vocabulary,بَقَرَةٌ,,,cow,,noun,
119,18,Vocabulary,جَزَاءُ,,,recompense,,noun,
119,18,Vocabulary,خَطِيئَةٌ,,خَطِيئَاتٌ / خَطَايَا,sin,,noun,
119,18,Vocabulary,عِجْلٌ,,,calf,,noun,
119,18,Vocabulary,عَاقِبَةٌ,,,"end, consequence",,noun,
119,18,Vocabulary,لَحْمٌ,,,flesh,,noun,
119,18,Vocabulary,مَالٌ,,أَمْوَالٌ,property,,noun,
119,18,Vocabulary,حَنِيذٌ,,,roast,,noun,
119,18,Vocabulary,وَسَطٌ,,,middle,,noun,
119,18,Vocabulary,غُرَابٌ,,,crow,,noun,
124,19,Vocabulary,جَمَعَ,يَجْمَعُ,جَمْعٌ,"to gather, collect",,verb,
124,19,Vocabulary,غَفَلَ,يَغْفِلُ,غَفْلَةٌ,"to be heedless, forget",,verb,
124,19,Vocabulary,خَادَعَ,يُخَادِعُ,خِدَاعٌ,to try to deceive,3,verb,
124,19,Vocabulary,أَحْسَنَ,يُحْسِنُ,إِحْسَانٌ,to do good,4,verb,
124,19,Vocabulary,أَفْلَحَ,يُفْلِحُ,إِفْلَاحٌ,to prosper,4,verb,
124,19,Vocabulary,أَخْلَصَ,يُخْلِصُ,إِخْلَاصٌ,to be sincere,4,verb,
124,19,Vocabulary,تُرَابٌ,,,"earth, dust",,noun,
124,19,Vocabulary,زِلْزِلَةٌ,,,earthquake,,noun,
124,19,Vocabulary,فَتًى,,,old man,,noun,
125,19,Vocabulary,ضَيْفٌ,,,guest; guests,,noun,
125,19,Vocabulary,عَدْلٌ,,,justice,,noun,
125,19,Vocabulary,عُسْرٌ,,,difficulty,,noun,
125,19,Vocabulary,غُلَامٌ,,,"boy, son",,noun,
125,19,Vocabulary,نَعَمٌ,,أَنْعَامٌ,"animal, beast",,noun,
125,19,Vocabulary,يُسْرٌ,,,ease,,noun,
125,19,Vocabulary,سَقِيمٌ,,,"sick, ill",,noun,
125,19,Vocabulary,أَصْفَرُ,,صَفْرَاءُ,(f.) yellow,,noun,
125,19,Vocabulary,مُنَافِقٌ,,,hypocrite,,noun,
125,19,Vocabulary,وَهَّابٌ,,,forgiving,,noun,
125,19,Vocabulary,بَشِيرٌ,,,bearer of good news/tidings,,noun,
129,20,Vocabulary,حَزِنَ,يَحْزَنُ,حُزْنٌ,to be sad,,verb,
129,20,Vocabulary,عَرَفَ,يَعْرِفُ,مَعْرِفَةٌ,"to know, recognize",,verb,
129,20,Vocabulary,قَرُبَ,يَقْرُبُ,قُرْبٌ,"to come near, approach",,verb,
129,20,Vocabulary,نَقَضَ,يَنْقُضُ,نَقْضٌ,to break one's oath,,verb,
129,20,Vocabulary,أَفْسَدَ,يُفْسِدُ,فَسَادٌ,to cause mischief,,verb,
129,20,Vocabulary,حُلُمٌ,,,puberty,,noun,
129,20,Vocabulary,سِرٌّ,,أَسْرَارٌ,secret,,noun,
130,20,Vocabulary,شَجَرَةٌ,,شَجَرٌ,tree,,noun,
130,20,Vocabulary,سَوَاءٌ,,,equal,,noun,
130,20,Vocabulary,سَعَةٌ,,,wealth,,noun,
136,21,Vocabulary,رَكَضَ,يَرْكُضُ,رَكْضٌ,to run,,verb,
136,21,Vocabulary,صَعِدَ,يَصْعَدُ,صُعُودٌ,to ascend,,verb,
136,21,Vocabulary,زَيَّنَ,يُزَيِّنُ,تَزْيِينٌ,to cause to seem good,2,verb,
136,21,Vocabulary,وَاعَدَ,يُوَاعِدُ,مُوَاعَدَةٌ,to make an agreement with,3,verb,
136,21,Vocabulary,عَاهَدَ,يُعَاهِدُ,مُعَاهَدَةٌ,to make a covenant with,3,verb,
136,21,Vocabulary,أَسْلَمَ,يُسْلِمُ,إِسْلاَمٌ,to submit,4,verb,
136,21,Vocabulary,أَخْطَأَ,يُخْطِئُ,إِخْطَاءً,to make a mistake,4,verb,
136,21,Vocabulary,أَغْرَقَ,يُغْرِقُ,إِغْرَاقٌ,to drown,4,verb,
136,21,Vocabulary,أَعْرَضَ,يُعْرِضُ,إِعْرَاضٌ,to turn away,4,verb,
136,21,Vocabulary,انفَطَرَ,يَنفَطِرُ,انفِطَارٌ,to be split,7,verb,
136,21,Vocabulary,أَنقَذَ,يُنقِذُ,إِنقَاذٌ,to save,4,verb,
136,21,Vocabulary,مَثْوًى,,,lodging,,noun,
136,21,Vocabulary,جِنٌّ,,,Jinn,,noun,
136,21,Vocabulary,حِزْبٌ,,أَحْزَابٌ,party,,noun,
136,21,Vocabulary,ذُرِّيَّةٌ,,,"seed, offspring, descendants",,noun,
136,21,Vocabulary,غَمْرَةٌ,,غَمَرَاتٌ,pang,,noun,
136,21,Vocabulary,قَبْرٌ,,قُبُورٌ,grave,,noun,
137,21,Vocabulary,الْغَيْبُ,,,the unseen,,noun,
137,21,Vocabulary,جَنَاحٌ,,أَجْنِحَةٌ,sin,,noun,
137,21,Vocabulary,مِيثَاقٌ,,,"covenant, pledge",,noun,
137,21,Vocabulary,قَاعِدٌ,,قُعُودٌ,seated,,noun,
137,21,Vocabulary,مِصْرُ,,,Egypt,,noun,
137,21,Vocabulary,بِغَيْرِ,,,without,,noun,
141,22,Vocabulary,آثَرَ,يُؤْثِرُ,إِيثَارٌ,to prefer,4,verb,
141,22,Vocabulary,أَذِنَ,يَأْذَنُ,إِذْنٌ,"to permit, allow",,verb,
141,22,Vocabulary,اسْتَأْذَنَ,يَسْتَأْذِنُ,اسْتِئْذَانٌ,to seek permission,10,verb,
141,22,Vocabulary,أَمِنَ,يَأْمَنُ,أَمْنٌ,to be secure; to trust in,,verb,
141,22,Vocabulary,آمَنَ,يُؤْمِنُ,إِيمَانٌ,to believe,4,verb,
141,22,Vocabulary,آنَسَ,يُؤْنِسُ,إِينَاسٌ,"to see, perceive",4,verb,
141,22,Vocabulary,تَسَاءَلَ,يَتَسَاءَلُ,تَسَاؤُلٌ,to ask one another,6,verb,
141,22,Vocabulary,قَرَأَ,يَقْرَأُ,قُرْآنٌ,to recite,,verb,
141,22,Vocabulary,نَبَّأَ,يُنَبِّئُ,تَنْبِئَةٌ,"to inform, tell",2,verb,
141,22,Vocabulary,أَنبَأَ,يُنبِئُ,إِنبَاءٌ,"to inform, tell",4,verb,
141,22,Vocabulary,أَنشَأَ,يُنشِئُ,إِنشَاءً,"to raise, create, produce, grow",4,verb,
142,22,Vocabulary,بَرِئَ,يَبْرَأُ,بَرْءٌ,to leave,,verb,
142,22,Vocabulary,أَقْبَلَ,يُقْبِلُ,إِقْبَالٌ,to advance,4,verb,
142,22,Vocabulary,كَما,,,like (conjunction),,verb,
142,22,Vocabulary,مِثْلُ,,,like (preposition),,verb,
147,23,Vocabulary,حَبِطَ,يَحْبَطُ,حُبُوطٌ,to be useless,,verb,
147,23,Vocabulary,سَخَّرَ,يُسَخِّرُ,تَسْخِيرٌ,to subject,2,verb,
147,23,Vocabulary,مَتَّعَ,يُمَتِّعُ,تَمْتِيعٌ,to let enjoy; make provision for,2,verb,
148,23,Vocabulary,أَقْرَضَ,يُقْرِضُ,قَرْضٌ,"to lend, make a loan",4,verb,
148,23,Vocabulary,أَنْعَمَ,يُنْعِمُ,إِنْعَامٌ,"to bless, be gracious",4,verb,
148,23,Vocabulary,تَفَرَّقَ,يَتَفَرَّقُ,تَفَرُّقٌ,to be divided,5,verb,
148,23,Vocabulary,تَبَارَكَ,يَتَبَارَكُ,تَبَارُكٌ,to be blessed,6,verb,
148,23,Vocabulary,أَصْلٌ,,أُصُولٌ,root,,noun,
148,23,Vocabulary,بَأْسٌ,,,might,,noun,
148,23,Vocabulary,تَابُوتٌ,,,ark,,noun,
148,23,Vocabulary,حَبٌّ,,حُبُوبٌ,grain,,noun,
148,23,Vocabulary,حَجَرٌ,,حِجَارَةٌ,stone,,noun,
148,23,Vocabulary,حَدِيدٌ,,,iron,,noun,
148,23,Vocabulary,حِمَارٌ,,حَمِيرٌ,donkey,,noun,
148,23,Vocabulary,خِصْرٌ,,,green crop,,noun,
148,23,Vocabulary,رِجْسٌ,,,abomination,,noun,
148,23,Vocabulary,رَيْبٌ,,,doubt,,noun,
148,23,Vocabulary,سِفْرٌ,,أَسْفَارٌ,books,,noun,
148,23,Vocabulary,سَكِينَةٌ,,,"tranquillity, reassurance",,noun,
148,23,Vocabulary,سِيمَا,,,sign,,noun,
148,23,Vocabulary,فَتًى,,فِتْيَةٌ,youth,,noun,
148,23,Vocabulary,وَقُودٌ,,,fuel,,noun,
148,23,Vocabulary,يَمٌّ,,يِمَامٌ,fat,,noun,
152,24,Vocabulary,يَذَرُ,,,"to let, allow",,verb,
152,24,Vocabulary,وَرِثَ,يَرِثُ,إِرْثٌ,to inherit,,verb,
152,24,Vocabulary,وَزَرَ,يَزِرُ,وِزْرٌ,to carry a burden,,verb,
152,24,Vocabulary,وَسِعَ,يَسَعُ,وُسْعٌ,to be wide; encompass,,verb,
152,24,Vocabulary,وَصَفَ,يَصِفُ,وَصْفٌ,to describe,,verb,
152,24,Vocabulary,وَصَلَ,يَصِلُ,وُصُولٌ,to arrive,,verb,
152,24,Vocabulary,وَضَعَ,يَضَعُ,وَضْعٌ,to put down,,verb,
153,24,Vocabulary,وَعَظَ,يَعِظُ,عِظَةٌ / وَعْظٌ,"to exhort, admonish",,verb,
153,24,Vocabulary,وَهَبَ,يَهَبُ,هِبَةٌ,to give,,verb,
153,24,Vocabulary,اتَّخَذَ,يَتَّخِذُ,اتِّخَاذٌ,"to take, adopt",8,verb,
153,24,Vocabulary,يَئِسَ,يَيْأَسُ,يَأْسٌ,to despair,,verb,
153,24,Vocabulary,أَيْقَنَ,يُوقِنُ,إِيقَانٌ,to be certain,4,verb,
153,24,Vocabulary,بَطَلَ,يَبْطُلُ,بَطَلٌ,to be worthless,,verb,
153,24,Vocabulary,صَنَمٌ,,أَصْنَامٌ,idol,,noun,
153,24,Vocabulary,فَرْدٌ,,أَفْرَادٌ,"individual, alone",,noun,
153,24,Vocabulary,وَازِرَةٌ,,,soul bearing a burden,,noun,
153,24,Vocabulary,مِيزَانٌ,,مَوَازِينُ,balance,,noun,
159,25,Vocabulary,عَمَرَ,يَعْمُرُ,عَمْرٌ,"to build, build up",,verb,
159,25,Vocabulary,اسْتَمَعَ,يَسْتَمِعُ,اسْتِمَاعٌ,to listen to,8,verb,
159,25,Vocabulary,أُفُقٌ,,آفَاقٌ,horizon,,noun,
159,25,Vocabulary,بَرٌّ,,أَبْرَارٌ,"pious, god-fearing",,noun,
159,25,Vocabulary,بَطْشٌ,,,might,,noun,
159,25,Vocabulary,جَدَلٌ,,,contention,,noun,
159,25,Vocabulary,خُلْدٌ,,,eternity,,noun,
159,25,Vocabulary,رَازِقٌ,,,s.p. provider of sustenance,,noun,
159,25,Vocabulary,شِقَاقٌ,,,dissension,,noun,
159,25,Vocabulary,عَدَدٌ,,,number,,noun,
159,25,Vocabulary,عَدَاوَةٌ,,,enmity,,noun,
159,25,Vocabulary,عُدْوَةٌ,,,side of a valley,,noun,
159,25,Vocabulary,عُرْوَةٌ,,,handle,,noun,
159,25,Vocabulary,مُسْتَقَرٌّ,,,abode,,noun,
159,25,Vocabulary,قَسْوَةٌ,,,hardness,,noun,
159,25,Vocabulary,تَقْوِيمٌ,,,form,,noun,
159,25,Vocabulary,مَقِيلٌ,,,noon resting-place,,noun,
159,25,Vocabulary,أَبْقَى,,,more lasting,,noun,
160,25,Vocabulary,أَحَقُّ,,,more deserving [from حَقِيقٌ],,noun,
160,25,Vocabulary,أَدْنَى,,,"lowest, nearest [from دَانٍ]",,noun,checked against textbook
160,25,Vocabulary,دُنْيََا (f.),,,"lowest, nearest [from دَانٍ]",,noun,checked against textbook
160,25,Vocabulary,أَرْذَلُ,,,worst [from رَذِيلٌ],,noun,
160,25,Vocabulary,أَزْكَى,,,purer [from زَكِيٌّ],,noun,
160,25,Vocabulary,أَسْفَلُ,,,lower [from سَافِلٌ],,noun,
160,25,Vocabulary,أَقْصَى,,,"further, furthest",,noun,checked against textbook
160,25,Vocabulary,قٌصْوَى (f.),,,"further, furthest",,noun,checked against textbook
160,25,Vocabulary,أَكْرَمُ,,,nobler [from كَرِيمٌ],,noun,
160,25,Vocabulary,الْوُثْقَى,,,firmest,,noun,
160,25,Vocabulary,أَتْقَى,,,more pious [from تَقِيٌّ],,noun,
160,25,Vocabulary,أَوْلَى,,,nearer,,noun,
160,25,Vocabulary,أَوْهَنُ,,,frailest,,noun,
160,25,Vocabulary,خَيْرٌ,,,"good, better, best",,noun,
160,25,Vocabulary,شَرٌّ,,,"bad, worse, worst",,noun,
164,26,Vocabulary,أَحَبَّ,يُحِبُّ,مَحَبّ,to love,4,verb,
164,26,Vocabulary,حَاجَّ,يُحَاجُّ,حِجَاج,to argue about (*fī*),3,verb,
164,26,Vocabulary,أَحَلَّ,يُحِلُّ,إِحْلَال,"to make lawful, permit",4,verb,
164,26,Vocabulary,رَدَّ,يَرُدُّ,رَدّ,"to return, restore",,verb,
164,26,Vocabulary,صَدَّ,يَصُدُّ,صَدّ,to block,,verb,
164,26,Vocabulary,ضَرَّ,يَضُرُّ,ضَرّ,to harm,,verb,
164,26,Vocabulary,اِضْطَرَّ,يَضْطَرُّ,اِضْطِرَار,"to force, compel",8,verb,
164,26,Vocabulary,ضَلَّ,يَضِلُّ,ضَلَال,"to stray, err",,verb,
164,26,Vocabulary,أَضَلَّ,يُضِلُّ,إِضْلَال,to cause to stray,4,verb,
164,26,Vocabulary,ظَنَّ,يَظُنُّ,ظَنّ,to think,,verb,
164,26,Vocabulary,عَدَّ,يَعُدُّ,عَدّ,to count,,verb,
164,26,Vocabulary,أَعَدَّ,يُعِدُّ,إِعْدَاد,"to prepare, make ready",4,verb,
164,26,Vocabulary,قَصَّ,يَقُصُّ,قَصَص,to tell,,verb,
164,26,Vocabulary,مَرَّ,يَمُرُّ,مَرّ,to pass,,verb,
164,26,Vocabulary,مَسَّ,يَمَسُّ,مَسّ,to touch,,verb,
164,26,Vocabulary,نَفَعَ,يَنْفَعُ,نَفْع,to benefit,,verb,
165,26,Vocabulary,بَيْع,,,trading,,noun,
165,26,Vocabulary,رِبًا,,,usury,,noun,
165,26,Vocabulary,الرِّبَوَا,,,usury (with article),,noun,
165,26,Vocabulary,,,أَشْرَار,evil men (pl.),,noun,
165,26,Vocabulary,أَنْبَاء,,نَبَأ,news,,noun,
165,26,Vocabulary,أَلِيم,,,painful,,noun,
169,27,Vocabulary,سَجَدَ,يَسْجُدُ,سُجُود,to prostrate oneself,,verb,
169,27,Vocabulary,سَحَرَ,يَسْحَرُ,سِحْر,to bewitch,,verb,
169,27,Vocabulary,سَقَطَ,يَسْقُطُ,سُقُوط,to fall,,verb,
169,27,Vocabulary,عَبَدَ,يَعْبُدُ,عِبَادَة,"to serve, worship",,verb,
169,27,Vocabulary,غَفَرَ,يَغْفِرُ,مَغْفِرَة,to forgive,,verb,
169,27,Vocabulary,نَزَّلَ,يُنَزِّلُ,تَنْزِيل,to descend,5,verb,
169,27,Vocabulary,هَلَكَ,يَهْلِكُ,هَلَاك,to perish,,verb,
169,27,Vocabulary,وَضَعَ,يَضَعُ,وَضْع,to give birth to (sentence 21),,verb,
169,27,Vocabulary,إِفْك,,,lie,,noun,
169,27,Vocabulary,أُنْثَى,,إِنَاث,(f.) female,,noun,
170,27,Vocabulary,بَشِير,,,bringer of good tidings,,noun,
170,27,Vocabulary,حُجَّة,,,s.p. proof,,noun,
170,27,Vocabulary,دَابَّة,,دَوَابُّ,beast,,noun,
170,27,Vocabulary,رِزْق,,,sustenance,,noun,
170,27,Vocabulary,قَدَر,,,measure,,noun,
170,27,Vocabulary,لِسَان,,أَلْسِنَة,tongue,,noun,
170,27,Vocabulary,الْمَسِيح,,,the Anointed One,,noun,
170,27,Vocabulary,وَرَقَة,,وَرَق,leaf,,noun,
170,27,Vocabulary,خَاطِئ,,,s.p. sinner,,noun,
177,28,Vocabulary,سَارَ,يَسِيرُ,سَيْر,to journey,,verb,
177,28,Vocabulary,خَافَ,يَخَافُ,خَوْف,to fear,,verb,
177,28,Vocabulary,جَاءَ,يَجِيءُ,,to come,,verb,
177,28,Vocabulary,زَادَ,يَزِيدُ,زِيَادَة,to increase,,verb,
177,28,Vocabulary,شَاءَ,يَشَاءُ,,to wish,,verb,
177,28,Vocabulary,سَاءَ,يَسُوءُ,سُوء,to be bad,,verb,
177,28,Vocabulary,أَرَادَ,يُرِيدُ,إِرَادَة,to want,4,verb,
177,28,Vocabulary,أَطَاعَ,يُطِيعُ,إِطَاعَة,to obey,4,verb,
177,28,Vocabulary,اِسْتَطَاعَ,يَسْتَطِيعُ,اِسْتِطَاعَة,"to be able (This verb—exceptionally—sometimes drops the *tāʾ* of the 10ᵗʰ form prefix, producing *isṭāʿa, yasṭīʿ*, and *tasṭiʿ*.)",10,verb,
177,28,Vocabulary,قَامَ,يَقُومُ,قِيَام,"to stand, rise",,verb,
177,28,Vocabulary,أَقَامَ,يُقِيمُ,إِقَامَة / (إِقَام),"to perform, uphold",4,verb,
177,28,Vocabulary,مَاتَ,يَمُوتُ,مَوْت,"to die (Though *māta* has a *wāw* as its middle radical, the contracted forms of the Perfect normally have a *kasra: mittu* etc.)",,verb,
177,28,Vocabulary,ذَاقَ,يَذُوقُ,ذَوْق,to taste,,verb,
178,28,Vocabulary,أَحَاطَ,يُحِيطُ,إِحَاطَة,"to surround, comprehend",4,verb,
178,28,Vocabulary,أَصَابَ,يُصِيبُ,إِصَابَة,"to smite, befall",4,verb,
178,28,Vocabulary,اِسْتَجَابَ,يَسْتَجِيبُ,جَوَاب,to answer,10,verb,
178,28,Vocabulary,أَجَابَ,يُجِيبُ,جَوَاب,to answer,4,verb,
178,28,Vocabulary,صَرَفَ,يَصْرِفُ,صَرْف,"to turn, turn away (trans.)",,verb,
178,28,Vocabulary,أَبْدَلَ,يُبْدِلُ,إِبْدَال,to give in exchange,4,verb,
178,28,Vocabulary,رَيْب,,,cold (noun),,verb,
178,28,Vocabulary,بَيِّنَة,,,clear proof,,verb,
178,28,Vocabulary,كَيْد,,,"plotting, wiles",,verb,
178,28,Vocabulary,وَيْل,,,mischief,,verb,
178,28,Vocabulary,وَزْن,,,weight,,verb,
178,28,Vocabulary,بِالْأَمْسِ,,,yesterday,,verb,
182,29,Vocabulary,سَارَعَ,يُسَارِعُ,سِرَاع,to vie in; race,3,verb,
182,29,Vocabulary,أَبْلَغَ,يُبْلِغُ,إِبْلَاغ,to convey,4,verb,
182,29,Vocabulary,أَكْثَرَ,يُكْثِرُ,إِكْثَار,"to multiply, make much of",4,verb,
182,29,Vocabulary,اِعْتَذَرَ,يَعْتَذِرُ,اِعْتِذَار,to make excuses,8,verb,
182,29,Vocabulary,فَطَرَ,يَفْطُرُ,فَطْر,to create,,verb,
183,29,Vocabulary,رَهْط,,,kin; person,,noun,
183,29,Vocabulary,صِدِّيق,,,truthful,,noun,
183,29,Vocabulary,كَلِمَة,,,word,,noun,
183,29,Vocabulary,لِبَاس,,,clothing; garment,,noun,
183,29,Vocabulary,نَمْل,,,ants (collective),,noun,
183,29,Vocabulary,رِسَالَة,,,"message, letter",,noun,
183,29,Vocabulary,مَائِدَة,,,table,,noun,
183,29,Vocabulary,أَبَدًا,,,ever,,noun,
191,30,Vocabulary,أَتَى,يَأْتِي,إِتْيَان,to come,,verb,
191,30,Vocabulary,آتَى,يُؤْتِي,إِيتَاء,to give,4,verb,
191,30,Vocabulary,رَأَى,يَرَى,رَأْي,to see,,verb,
191,30,Vocabulary,جَزَى,يَجْزِي,جَزَاء,to requite,,verb,
191,30,Vocabulary,دَعَا,يَدْعُو,دُعَاء,"to call, pray",,verb,
191,30,Vocabulary,رَجَا,يَرْجُو,رَجَاء,to hope,,verb,
191,30,Vocabulary,قَضَى,يَقْضِي,قَضَاء,to determine,,verb,
191,30,Vocabulary,مَشَى,يَمْشِي,مَشْي,to walk,,verb,
191,30,Vocabulary,هَدَى,يَهْدِي,هَدْي,to guide,,verb,
191,30,Vocabulary,بَقِيَ,يَبْقَى,بَقَاء,to remain,,verb,
191,30,Vocabulary,خَشِيَ,يَخْشَى,خَشْيَة,to fear,,verb,
191,30,Vocabulary,لَقِيَ,يَلْقَى,لِقَاء,to meet,,verb,
191,30,Vocabulary,نَسِيَ,يَنْسَى,نَسْي,to forget,,verb,
191,30,Vocabulary,سَمَّى,يُسَمِّي,تَسْمِيَة,to name,2,verb,
191,30,Vocabulary,صَلَّى,يُصَلِّي,صَلَاة,to pray,2,verb,
191,30,Vocabulary,نَادَى,يُنَادِي,نِدَاء,to call out to,3,verb,
191,30,Vocabulary,أَلْقَى,يُلْقِي,إِلْقَاء,to throw,4,verb,
191,30,Vocabulary,أَعْطَى,يُعْطِي,إِعْطَاء,to give,4,verb,
191,30,Vocabulary,أَوْفَى,يُوفِي,إِيفَاء,"to fulfil, give in full",4,verb,
191,30,Vocabulary,تَوَلَّى,يَتَوَلَّى,تَوَلٍّ,to turn away; to take on oneself,5,verb,
192,30,Vocabulary,اِتَّقَى,يَتَّقِي,اِتِّقَاء,"to protect oneself, to be god-fearing",8,verb,
192,30,Vocabulary,شَعَرَ,يَشْعُرُ,شُعُور,"to feel, perceive",,verb,
192,30,Vocabulary,أَنْجَى,يُنْجِي,إِنْجَاء,to rescue,4,verb,
192,30,Vocabulary,طِين,,,clay,,noun,
192,30,Vocabulary,رُعْب,,,terror,,noun,
192,30,Vocabulary,سُوق,,أَسْوَاق,(f.) market,,noun,
192,30,Vocabulary,ثُمَّ,,,then,,noun,
192,30,Vocabulary,بَغْتَةً,,,suddenly,,noun,
196,31,Vocabulary,أَرَىٰ,يُرِى,,to show,4,verb,
196,31,Vocabulary,رَضِىَ,يَرْضَىٰ,رِضْوَانٌ / مَرْضَاةٌ,to be pleased with (+ ʿan),,verb,
196,31,Vocabulary,ٱبْتَغَىٰ,يَبْتَغِى,ٱبْتِغَآءً,to seek,8,verb,
196,31,Vocabulary,كَفَىٰ,يَكْفِى,كِفَايَةً,to be sufficient,,verb,
196,31,Vocabulary,زَوْجٌ,,أَزْوَٰجٌ,spouse,,noun,
196,31,Vocabulary,صُحُفٌ,,,sheets,,noun,
196,31,Vocabulary,كَلْبٌ,,كِلَابٌ,dog,,noun,
196,31,Vocabulary,نَجْوَىٰ,,,secret conference,,noun,
196,31,Vocabulary,كَفَىٰ بِٱللَّهِ حَسِيبًا,,,Note the construction *kafā bi-llāhi ḥasīban* 'there is sufficiency in God as a reckoner' i.e. 'God is sufficient as a reckoner'. There are further examples in sentences 22 and 23 below.,,idiom,
202,32,Vocabulary,بَدَأَ,يَبْدَأُ,بَدْءٌ,to begin,,verb,
202,32,Vocabulary,رَزَقَ,يَرْزُقُ,رِزْقٌ,to give sustenance to,,verb,
202,32,Vocabulary,سَرَقَ,يَسْرِقُ,سَرَقٌ,to steal,,verb,
202,32,Vocabulary,هَجَرَ,يَهْجُرُ,هَجْرٌ,"to forsake, leave",,verb,
202,32,Vocabulary,تَمَتَّعَ,يَتَمَتَّعُ,تَمَتُّعٌ,"to enjoy, enjoy oneself",5,verb,
202,32,Vocabulary,سُورَةٌ,,سُوَرٌ,*sura*,,noun,
202,32,Vocabulary,قِبْلَةٌ,,,"direction, *qibla*",,noun,
202,32,Vocabulary,قُوَّةٌ,,قُوًى,"power, force",,noun,
202,32,Vocabulary,كَيْلٌ,,,measure,,noun,
202,32,Vocabulary,آلٌ,,,family,,noun,
207,33,Vocabulary,غَضِبَ,يَغْضَبُ,غَضَبٌ,to be angry with (+ ʿalā),,verb,
207,33,Vocabulary,وَفَّىٰ,يُوَفِّى,تَوْفِيَةً,"to pay, repay",2,verb,
207,33,Vocabulary,تَوَفَّىٰ,يَتَوَفَّىٰ,تَوَفٍّ,to take,5,verb,
207,33,Vocabulary,أَوْحَىٰ,يُوحِى,إِيحَآءً,to inspire,4,verb,
207,33,Vocabulary,نَفَخَ,يَنفُخُ,نَفْخٌ,to blow,,verb,
207,33,Vocabulary,بَلَّغَ,يُبَلِّغُ,تَبْلِيغٌ,to convey,2,verb,
207,33,Vocabulary,اِسْتَهْزَأَ,يَسْتَهْزِئُ,اِسْتِهْزَآءٌ,to mock (+ bi-),10,verb,
207,33,Vocabulary,بَلَـٰغٌ,,,"message, conveyance",,noun,
207,33,Vocabulary,صُورٌ,,,trumpet,,noun,
214,34,Vocabulary,بَسَطَ,يَبْسُطُ,بَسْطٌ,"to spread,extend",,verb,
214,34,Vocabulary,خَتَمَ,يَخْتِمُ,خَتْمٌ,to seal,,verb,
214,34,Vocabulary,سَبَقَ,يَسْبِقُ,سَبْقٌ,to precede,,verb,
214,34,Vocabulary,فَتَنَ,يَفْتِنُ,فِتْنَةٌ,"to tempt, afflict, stir up",,verb,
214,34,Vocabulary,فَرَّ,يَفِرُّ,فِرَارٌ,to flee,,verb,
214,34,Vocabulary,كَشَفَ,يَكْشِفُ,كَشْفٌ,"to uncover, remove, relieve",,verb,
215,34,Vocabulary,وُلِدَ,يُولَدُ,,[passive] to be born,,verb,
215,34,Vocabulary,تَبَّ,يَتِبُّ,,"to wither, perish",,verb,
215,34,Vocabulary,بَغَىٰ,يَبْغِى,بَغْىٌ,to outrage; to seek,,verb,
215,34,Vocabulary,عَدَا,يَعْدُو,عَدْوٌ,"to transgress, turn away, run",,verb,
215,34,Vocabulary,أَصْلَحَ,يُصْلِحُ,إِصْلَـٰحٌ,to put right,4,verb,
215,34,Vocabulary,أَعْجَزَ,يُعْجِزُ,إِعْجَازٌ,to frustrate,4,verb,
215,34,Vocabulary,اِمْرُؤٌ,,,man,,noun,
215,34,Vocabulary,حَكَمٌ,,,arbiter,,noun,
215,34,Vocabulary,سَاقٌ,,سُوقٌ,(f.) leg,,noun,
215,34,Vocabulary,عِقَابٌ,,,"punishment, requital",,noun,
215,34,Vocabulary,عَمَدٌ,,,"columns, supports",,noun,
215,34,Vocabulary,فَمٌ,,أَفْوَٰهٌ,mouth,,noun,
215,34,Vocabulary,مَحَالٌ,,,"wrath, anger",,noun,
215,34,Vocabulary,هَدْىٌ,,,offering,,noun,
215,34,Vocabulary,أَخْدَانٌ,,,companions,,noun,
215,34,Vocabulary,سَرِيعٌ,,,"quick, swift",,noun,
215,34,Vocabulary,غَلِيظٌ,,,"thick, rough, hard",,noun,
215,34,Vocabulary,مَعْرُوشٌ,,,in trellises,,noun,
215,34,Vocabulary,مَلُومٌ,,,"blamed, blameworthy [from امَلَمَلَامَ]",,noun,
215,34,Vocabulary,مَمْنُونٌ,,,"broken, cut",,noun,
216,34,Vocabulary,غَيْرُ,,,other than,,noun,
216,34,Vocabulary,غَيْرَ,,,without,,noun,
223,35,Vocabulary,تَلَا,يَتْلُوا,تِلَاوَةً,to recite,,verb,
223,35,Vocabulary,خَرَّ,يَخِرُّ,خَرٌّ,to fall,,verb,checked against textbook
223,35,Vocabulary,رَهِبَ,يَرْهَبُ,رَهْبَةً,"to fear, be in awe of",,verb,
223,35,Vocabulary,كَادَ,يَكِيدُ,كَيْدًا,"to strive, plot, outwit",,verb,
223,35,Vocabulary,مَالَ,يَمِيلُ,مَيْلًا,"to incline, lean, deviate",,verb,
223,35,Vocabulary,أَصْبَحَ,يُصْبِحُ,إِصْبَاحًا,to become; be in the morning,4,verb,
223,35,Vocabulary,آبَ,يَـُٔوبُ,إِيَابًا,to come back to; repent,4,verb,
223,35,Vocabulary,تَرَاضَىٰ,يَتَرَاضَىٰ,تَرَاضٍ,to agree with one another,6,verb,
223,35,Vocabulary,إِزْدَادَ,يَزْدَادُ,إِزْدِيَادًا,"to increase, grow",8,verb,
223,35,Vocabulary,إِسْتَعَانَ,يَسْتَعِينُ,إِسْتِعَانَةً,to ask for help (+ acc.),10,verb,
224,35,Vocabulary,حَنِيفٌ,,حُنَفَآءُ,of pure faith,,noun,
224,35,Vocabulary,صَيْحَةٌ,,,cry,,noun,
224,35,Vocabulary,عِزَّةٌ,,,"might, power",,noun,
224,35,Vocabulary,مَلْجَأٌ,,,refuge,,noun,
224,35,Vocabulary,مَكْرٌ,,,"plot, trickery",,noun,
224,35,Vocabulary,مِلَّةٌ,,مِلَلٌ,community,,noun,
224,35,Vocabulary,إِمْلَاقٌ,,,poverty,,noun,
224,35,Vocabulary,جَمِيعٌ,,,all,,noun,
224,35,Vocabulary,جَمٌّ,,,much,,noun,
224,35,Vocabulary,دَاخِرٌ,,,"humble, lowly",,noun,
224,35,Vocabulary,سَاجِدٌ,,سُجَّدٌ,prostrating oneself,,noun,
224,35,Vocabulary,مُغَاضِبٌ,,,angry,,noun,
224,35,Vocabulary,لَا,,جَرَمَ,"undoubtedly, certainly",,noun,
224,35,Vocabulary,طَابَ نَفْسًا,,,to be consoled,,idiom,
224,35,Vocabulary,قَرَّ عَيْنًا,,,to be pleased,,idiom,
236,36,Vocabulary,رَتَعَ,يَرْتَعُ,رَتْعًا,to enjoy oneself,,verb,
236,36,Vocabulary,سَعَىٰ,يَسْعَىٰ,سَعْيًا,"to strive, move, run",,verb,
236,36,Vocabulary,سَلَبَ,يَسْلُبُ,سَلْبًا,to rob,,verb,
236,36,Vocabulary,لَعِبَ,يَلْعَبُ,لَعِبًا,to play,,verb,
236,36,Vocabulary,نَهَىٰ,يَنْهَىٰ,نَهْيًا,to forbid,,verb,
236,36,Vocabulary,هَزَّ,يَهَزُّ,هَزًّا,to shake,,verb,
237,36,Vocabulary,وَجِلَ,يَوْجَلُ,,to be in awe of,,verb,
237,36,Vocabulary,كَفَرَ,يُكَفِّرُ,تَكْفِيرًا,"to forgive, redeem",2,verb,
237,36,Vocabulary,سَاقَطَ,يُسَاقِطُ,مُسَاقَطَةً,"to cause to fall, bring down",3,verb,
237,36,Vocabulary,ضَاعَفَ,يُضَاعِفُ,مُضَاعَفَةً,to multiply,3,verb,
237,36,Vocabulary,أَنكَرَ,يُنكِرُ,إِنكَارًا,"to deny, disapprove; not to know",4,verb,
237,36,Vocabulary,أَدْرَكَ,يُدْرِكُ,إِدْرَاكًا,to overtake,4,verb,
237,36,Vocabulary,أَعَادَ,يُعِيدُ,إِعَادَةً,"to repeat, return (trans.)",4,verb,
237,36,Vocabulary,أَسَآءَ,يُسِيئُ,إِسَاءَةً,to do wrong,4,verb,
237,36,Vocabulary,تَزَكَّىٰ,يَتَزَكَّىٰ,تَزَكٍّ,to be purified,5,verb,
237,36,Vocabulary,إِلْتَقَطَ,يَلْتَقِطُ,إِلْتِقَاطًا,to pick up,8,verb,
237,36,Vocabulary,إِسْتَأْخَرَ,يَسْتَأْخِرُ,إِسْتِئْخَارًا,to postpone,10,verb,
237,36,Vocabulary,إِسْتَقْدَمَ,يَسْتَقْدِمُ,إِسْتِقْدَامًا,to bring forward,10,verb,
237,36,Vocabulary,إِسْتَنقَذَ,يَسْتَنقِذُ,إِسْتِنقَاذًا,to rescue,10,verb,
237,36,Vocabulary,جُبٌّ,,,"pit, well",,noun,
237,36,Vocabulary,جِذْعٌ,,,trunk of a palm-tree,,noun,
237,36,Vocabulary,مَدْخَلٌ,,,place to enter,,noun,
237,36,Vocabulary,ذُبَابٌ,,,fly,,noun,
237,36,Vocabulary,ذَقَنٌ,,أَذْقَانٌ,chins,,noun,
238,36,Vocabulary,مَرَدٌّ,,,turning back,,noun,
238,36,Vocabulary,رُطَبٌ,,,"fresh, ripe dates",,noun,
238,36,Vocabulary,صَرِيخٌ,,,help,,noun,
238,36,Vocabulary,مَغَارَةٌ,,,cave,,noun,
238,36,Vocabulary,غَيَـٰبَةٌ,,,s.p. bottom; recess,,noun,
238,36,Vocabulary,كُبَارٌ,,كِبَـٰرٌ,enormity,,noun,
238,36,Vocabulary,شَطْرٌ,,,towards,,noun,
244,37,Vocabulary,عَبَسَ,يَعْبِسُ,,to frown,,verb,
244,37,Vocabulary,عَفَا,يَعْفُوا,عَفْوًا,to pardon (+*ʿan*),,verb,
244,37,Vocabulary,عَادَ,يَعُودُ,مَعَاذًا,to return; do again,,verb,
244,37,Vocabulary,عَاذَ,يَعُوذُ,,to seek refuge with,,verb,
244,37,Vocabulary,غَدَا,يَغْدُوا,غُدُوًّا,to be/do in the morning,,verb,
244,37,Vocabulary,كَبِرَ,يَكْبَرُ,كِبَر,to grow up,,verb,
244,37,Vocabulary,كَرِهَ,يَكْرَهُ,كَرْه,"to be reluctant, hate",,verb,
244,37,Vocabulary,مَادَ,يَمِيدُ,,to shake,,verb,
244,37,Vocabulary,بَيَّنَ,يُبَيِّنُ,تِبْيَانًا,to make clear,2,verb,
244,37,Vocabulary,أَشْرَفَ,يُشْرِفُ,إِشْرَافًا,to be prodigal,4,verb,
244,37,Vocabulary,أَمْسَكَ,يُمْسِكُ,إِمْسَاكًا,"to hold fast, withold",4,verb,
244,37,Vocabulary,تَفَكَّرَ,يَتَفَكَّرُ,تَفَكُّرًا,"to think, reflect",5,verb,
245,37,Vocabulary,تَنَادَىٰ,يَتَنَادَىٰ,تَنَادٍ,to call to one another,6,verb,
245,37,Vocabulary,إِيتَلَىٰ,يَأْتَلِى,إِيتِلَاءً,to swear,8,verb,
245,37,Vocabulary,إِجْتَنَبَ,يَجْتَنِبُ,إِجْتِنَابًا,to avoid,8,verb,
245,37,Vocabulary,حِلَافٌ,,,accustomed to swear,,noun,
245,37,Vocabulary,بِدَارٌ,,,"haste, anticipation",,noun,
245,37,Vocabulary,حَرْثٌ,,,tillage,,noun,
245,37,Vocabulary,رُؤْيَا,,,(f.) dream,,noun,
245,37,Vocabulary,رَاسٍ,,رَوَاسٍ,firm mountains,,noun,
245,37,Vocabulary,كِنٌّ,,أَكِنَّةٌ,coverings,,noun,
245,37,Vocabulary,نَحْلٌ,,,bees,,noun,
245,37,Vocabulary,هَدٌّ,,,"crash, destruction",,noun,
245,37,Vocabulary,أَعْمَىٰ,,عُمْىٌ,blind,,noun,
245,37,Vocabulary,شَقِىٌّ,,أَشْقِيَآءُ,"unfortunate, wretched",,noun,
245,37,Vocabulary,مَهِينٌ,,,contemptible,,noun,
245,37,Vocabulary,أُولُو ٱلْقُرْبَىٰ,,,relations,,idiom,
245,37,Vocabulary,ضَرَبَ ٱلذِّكْرَ صَفْحًا عَنْ,,,to neglect,,idiom,
252,38,Vocabulary,فَقِهَ,يَفْقَهُ,فِقْهًا,to understand,,verb,
252,38,Vocabulary,فَكِهَ,يَتَفَكَّهُ,تَفَكُّه,to jest,5,verb,
252,38,Vocabulary,خَصَفَ,يَخْصِفُ,,to cover oneself,,verb,
252,38,Vocabulary,خَطِفَ,يَخْطَفُ,خَطْفًا,to snatch,,verb,
252,38,Vocabulary,عَرَجَ,يَعْرُجُ,,to mount,,verb,
252,38,Vocabulary,قَلَبَ,يُقَلِّبُ,تَقْلِيبًا,"to turn over, wring",2,verb,
252,38,Vocabulary,أَبَانَ,يُبِينُ,إِبَانَةً,to make clear,4,verb,
252,38,Vocabulary,أَضَآءَ,يُضِيئُ,إِضَاءَةً,to give light,4,verb,
252,38,Vocabulary,تَرَقَّبَ,يَتَرَقَّبُ,تَرَقُّب,to be vigilant,5,verb,
252,38,Vocabulary,إِطَّلَعَ,يَطَّلِعُ,إِطِّلَاعًا,to study,8,verb,
252,38,Vocabulary,بَرْقٌ,,,lightning,,noun,
252,38,Vocabulary,زَيْتٌ,,,oil,,noun,
252,38,Vocabulary,شَكٌّ,,شُكُوكٌ,doubt,,noun,
252,38,Vocabulary,كَفٌّ,,أَكُفٌّ,"(f.) palm of the hand, hand",,noun,
253,38,Vocabulary,مِرْيَة,,,doubt,,noun,
253,38,Vocabulary,حَيّ,,أَحْيَاء,alive,,noun,
253,38,Vocabulary,جَاثِم,,,crouching,,noun,
253,38,Vocabulary,عَاكِف,,,devoted,,noun,
253,38,Vocabulary,نَادِم,,,repentant,,noun,
253,38,Vocabulary,مُحْضَر,,,brought forward,,noun,
253,38,Vocabulary,مُسْوَدّ,,,black,,noun,
261,39,Vocabulary,حَلَفَ,يَحْلِفُ,حَلْف,to swear,,verb,
261,39,Vocabulary,رَجَمَ,يَرْجُمُ,رَجْم,to stone,,verb,
261,39,Vocabulary,سَجَنَ,يَسْجُنُ,سَجْن,to imprison,,verb,
261,39,Vocabulary,سَفَعَ,يَسْفَعُ,سَفْع,to drag,,verb,
261,39,Vocabulary,شَهِدَ,يَشْهَدُ,شَهَادَة,to witness,,verb,
261,39,Vocabulary,عَجِبَ,يَعْجَبُ,عَجَب,to wonder,,verb,
261,39,Vocabulary,غَلَبَ,يَغْلِبُ,غَلَب,to overcome,,verb,
261,39,Vocabulary,قَعَدَ,يَقْعُدُ,قُعُود,"to sit, lurk",,verb,
261,39,Vocabulary,نَذَرَ,يَنْذُرُ,نَذْر,to vow,,verb,
261,39,Vocabulary,غَاظَ,يَغِيظُ,غَيْظ,to enrage,,verb,
261,39,Vocabulary,زَكَّى,يُزَكِّي,تَزْكِيَة,"to purify, keep pure",2,verb,
261,39,Vocabulary,وَدَّعَ,يُوَدِّعُ,تَوْدِيع,to bid farewell to,2,verb,
261,39,Vocabulary,أَقْسَمَ,يُقْسِمُ,إِقْسَام,to swear,4,verb,
261,39,Vocabulary,أَنْجَى,يُنْجِي,إِنْجَاء,to save,4,verb,
261,39,Vocabulary,أَنْسَى,يُنْسِي,إِنْسَاء,to cause to forget,4,verb,
261,39,Vocabulary,اِنْتَقَمَ,يَنْتَقِمُ,اِنْتِقَام,to take revenge on (+ *min*),8,verb,
261,39,Vocabulary,اِنْتَهَى,يَنْتَهِي,اِنْتِهَاء,"to cease, desist",8,verb,
261,39,Vocabulary,اِسْتَخَفَّ,يَسْتَخِفُّ,اِسْتِخْفَاف,to make unstable,10,verb,
262,39,Vocabulary,أَسَف,,,grief,,noun,
262,39,Vocabulary,حَسْرَة,,,"sorrow, anguish",,noun,
262,39,Vocabulary,صَوْم,,,fast,,noun,
262,39,Vocabulary,ضُحًى,,,forenoon,,noun,
262,39,Vocabulary,نَاصِيَة,,نَوَاصٍ,forelock,,noun,
262,39,Vocabulary,أَجْمَعُ,,,all,,noun,
262,39,Vocabulary,صَاغِر,,,humbled,,noun,
262,39,Vocabulary,قَدِيم,,قُدَمَاءُ,"old, ancient",,noun,
262,39,Vocabulary,يَوْمَئِذٍ,,,on that day,,noun,
267,40,Vocabulary,صَنَعَ,يَصْنَعُ,صُنْع,"to make, work",,verb,
267,40,Vocabulary,نَفَرَ,يَنْفِرُ,نَفْر,to go forth,,verb,
267,40,Vocabulary,غَلَّ,يَغُلُّ,غُلُول,to deceive,,verb,
267,40,Vocabulary,عَمَرَ,يَعْمُرُ,عُمْرَة,to visit,,verb,
267,40,Vocabulary,أَطْلَعَ,يُطْلِعُ,إِطْلَاع,to acquaint,4,verb,
267,40,Vocabulary,أَضَاعَ,يُضِيعُ,إِضَاعَة,to cause to be wasted,4,verb,
267,40,Vocabulary,آذَى,يُؤْذِي,إِيذَاء,"to hurt, vex",4,verb,
267,40,Vocabulary,اِشْتَرَى,يَشْتَرِي,شِرَاء,to buy,,verb,
267,40,Vocabulary,مَأْوًى,,,shelter,,noun,
267,40,Vocabulary,بَدَل,,,exchange,,noun,
267,40,Vocabulary,ثَمَن,,أَثْمَان,"price, gain",,noun,
267,40,Vocabulary,خِيَرَة,,,choice,,noun,
267,40,Vocabulary,مُرْتَفَق,,,resting-place,,noun,
267,40,Vocabulary,مَسْجِد,,مَسَاجِد,"mosque, place of prayer",,noun,
267,40,Vocabulary,سُلْطَان,,,"authority, power",,noun,
267,40,Vocabulary,شَرَاب,,,drink,,noun,
267,40,Vocabulary,مَصِير,,,"course, journey’s end",,noun,
267,40,Vocabulary,فُسُوق,,,dissoluteness,,noun,
267,40,Vocabulary,وَحْي,,,inspiration,,noun,
