Page Number,Lesson Number,Ex/Voc,Exercise Number,Arabic Text,Transliteration,English Text,Quran Chapter/Surah,Quran Verse/Ayah,Anki_ID,Usage Notes etc,Proofread
14,1,Exercise,1,اَلْكِتَابُ الْمُبِينُ,al-kitābu l-mubīnu,,12,1,1-x-1,,
14,1,Exercise,2,كِتَابٌ مُبِينٌ,kitābun mubīnun,,5,15,1-x-2,,
14,1,Exercise,3,كِتَابٌ كَرِيمٌ,kitābun karīmun,,27,29,1-x-3,,
14,1,Exercise,4,قُرْآنٌ مُبِينٌ,qur’ānun mubīnun,,15,1,1-x-4,,
14,1,Exercise,5,اَلْقُرْآنُ الْمَجِيدُ,al-qur’ānu l-majīdu,,50,1,1-x-5,,
14,1,Exercise,6,قُرْآنٌ كَرِيمٌ,qur’ānun karīmun,,56,77,1-x-6,,
14,1,Exercise,7,قُرْآنٌ مَجِيدٌ,qur’ānun majīdun,,85,21,1-x-7,,
14,1,Exercise,8,اَلْقُرْآنُ الْعَظِيمُ,al-qur’ānu l-‘aẓīmu,,15,87,1-x-8,,
15,1,Exercise,9,رَحْمَةٌ وَاسِعَةٌ,raḥmatun wāsi‘atun,,6,147,1-x-9,,
15,1,Exercise,10,آيَةٌ أُخْرَىٰ,āyatun ukhrā,,20,22,1-x-10,,
15,1,Exercise,11,اَلْيَوْمُ الْآخِرُ,al-yawmu l-ākhiru,,2,126,1-x-11,,
15,1,Exercise,12,يَوْمٌ كَبِيرٌ,yawmun kabīrun,,11,3,1-x-12,,
15,1,Exercise,13,اَلْعَذَابُ الشَّدِيدُ,al-‘adhābu l-shadīdu,,10,70,1-x-13,,
15,1,Exercise,14,يَوْمٌ عَظِيمٌ,yawmun ‘aẓīmun,,6,15,1-x-14,,
15,1,Exercise,15,عَذَابٌ شَدِيدٌ,‘adhābun shadīdun,,3,4,1-x-15,,
15,1,Exercise,16,أَجْرٌ عَظِيمٌ,ajrun ‘aẓīmun,,3,172,1-x-16,,
15,1,Exercise,17,أَجْرٌ كَرِيمٌ,ajrun karīmun,,57,11,1-x-17,,
15,1,Exercise,18,عَذَابٌ عَظِيمٌ,‘adhābun ‘aẓīmun,,2,7,1-x-18,,
15,1,Exercise,19,أَجْرٌ كَبِيرٌ,ajrun kabīrun,,11,11,1-x-19,,
15,1,Exercise,20,رَسُولٌ آمِنٌ,rasūlun āminun,,26,107,1-x-20,,
15,1,Exercise,21,رَسُولٌ كَرِيمٌ,rasūlun karīmun,,44,17,1-x-21,,
15,1,Exercise,22,اَلْبَلَدُ الْأَمِينُ,al-baladu l-amīnu,,95,3,1-x-22,,
15,1,Exercise,23,إِلٰهٌ آخَرُ,ilāhun ākharu,,15,96,1-x-23,,
15,1,Exercise,24,رَسُولٌ مُبِينٌ,rasūlun mubīnun,,43,29,1-x-24,,
15,1,Exercise,25,اَلْأَوَّلُ وَالْآخِرُ,al-awwalu wa-l-ākhiru,,57,3,1-x-25,,
15,1,Exercise,26,اَلْأُولَىٰ وَالْآخِرَةُ,al-ūlā wa-l-ākhiratu,,28,70,1-x-26,,
15,1,Exercise,27,اَللهُ عَزِيزٌ,Allāhu ‘azīzun,,2,209,1-x-27,,
15,1,Exercise,28,اَللهُ قَوِيٌّ,Allāhu qawiyyun,,8,52,1-x-28,,
15,1,Exercise,29,اَللهُ قَوِيٌّ عَزِيزٌ,Allāhu qawiyyun ‘azīzun,,58,21,1-x-29,,
15,1,Exercise,30,اَلْقَوِيُّ الْأَمِينُ,al-qawiyyu l-amīnu,,28,26,1-x-30,,
20,2,Exercise,1,آلِهَةٌ أُخْرَىٰ,ālihatun ukhrā,,6,19,2-x-1,,
20,2,Exercise,2,مَنَافِعُ كَثِيرَةٌ,manāfi‘u kathīratun,,23,21,2-x-2,,
20,2,Exercise,3,فَوَاكِهُ كَثِيرَةٌ,fawākihu kathīratun,,23,19,2-x-3,,
20,2,Exercise,4,اَلْقُرُونُ الْأُولَىٰ,al-qurūnu l-ūlā,,20,51,2-x-4,,
20,2,Exercise,5,اَلْقُرَى الظَّالِمَةُ,al-qurā ẓālimatun,,11,102,2-x-5,,
20,2,Exercise,6,قَرْيَةٌ ظَالِمَةٌ,qaryatun ẓālimatun,,21,11,2-x-6,,
20,2,Exercise,7,اَلْيَهُودُ وَالنَّصَارَىٰ,al-yahūdu wa-l-naṣārā,,5,18,2-x-7,,
20,2,Exercise,8,اَلسَّمَاوَاتُ وَالْأَرْضُ,al-samawātu wa-l-arḍu,,15,85,2-x-8,,
20,2,Exercise,9,أَعْجَمِيٌّ وَعَرَبِيٌّ,a‘jamiyyun wa-‘arabiyyun,,41,44,2-x-9,,
20,2,Exercise,10,اَلْقَوْمُ الظَّالِمُونَ,al-qawmu l-ẓālimūna,,6,47,2-x-10,,
20,2,Exercise,11,اَلْقَوْمُ الْكَافِرُونَ,al-qawmu l-kāfirūna,,12,87,2-x-11,,
20,2,Exercise,12,كَافِرٌ وَمُؤْمِنٌ,kāfirun wa-mu’minun,,64,2,2-x-12,,
20,2,Exercise,13,رِجَالٌ مُؤْمِنُونَ,rijālun mu’minūna,,48,25,2-x-13,,
21,2,Exercise,14,اَلْمُؤْمِنُونَ وَالْمُؤْمِنَاتُ,al-mu’minūna wa-l-mu’minātu,,24,12,2-x-14,,
21,2,Exercise,15,مُؤْمِنُونَ وَمُؤْمِنَاتٌ,mu’minūna wa-mu’minātun,,48,25,2-x-15,,
21,2,Exercise,16,اَلْأَوَّلُونَ وَالْآخِرُونَ,al-awwalūna wa-l-ākhirūna,,56,49,2-x-16,,
21,2,Exercise,17,اَللهُ تَوَّابٌ,Allāhu tawwābun,,49,12,2-x-17,,
21,2,Exercise,18,عِبَادٌ مُكْرَمُونَ,‘ibādun mukramūna,,21,26,2-x-18,,
21,2,Exercise,19,رَجُلٌ مُؤْمِنٌ,rajulun mu’minun,,40,28,2-x-19,,
21,2,Exercise,20,أَيَّامٌ أُخَرُ,ayyāmun ukharu,,2,184,2-x-20,,
21,2,Exercise,21,اَلسَّمَاءُ وَالْأَرْضُ,al-samā’u wa-l-arḍu,,44,29,2-x-21,,
21,2,Exercise,22,اَلْمُسْلِمُونَ وَالْمُسْلِمَاتُ,al-muslimūna wa-l-muslimātu,,33,35,2-x-22,,
28,3,Exercise,1,أَنْتُمْ مُسْلِمُونَ,antum muslimūna,,2,132,3-x-1,,
28,3,Exercise,2,هُمْ مُسْلِمُونَ,hum muslimūna,,27,81,3-x-2,,
28,3,Exercise,3,نَحْنُ فِتْنَةٌ,naḥnu fitnatun,,2,102,3-x-3,,
28,3,Exercise,4,أَنَا نَذِيرٌ,ana nadhīrun,,29,50,3-x-4,,
28,3,Exercise,5,جَنَّةٌ عَالِيَةٌ,jannatun ‘āliyatun,,69,22,3-x-5,,
28,3,Exercise,6,أَنْتَ التَّوَّابُ,anta l-tawwābu,,2,128,3-x-6,,
28,3,Exercise,7,أَنْتُمْ ظَالِمُونَ,antum ẓālimūna,,2,92,3-x-7,,
28,3,Exercise,8,أَنْتُمُ الْفُقَرَاءُ,antumu l-fuqarā’u,,35,15,3-x-8,,
28,3,Exercise,9,هِيَ ظَالِمَةٌ,hiya ẓālimatun,,11,102,3-x-9,,
28,3,Exercise,10,هُوَ مُؤْمِنٌ,huwa mu’minun,,16,97,3-x-10,,
28,3,Exercise,11,هُوَ اللَّطِيفُ,huwa l-laṭīfu,,67,14,3-x-11,,
28,3,Exercise,12,أَنْتُمْ مُؤْمِنُونَ,antum mu’minūna,,60,11,3-x-12,,
28,3,Exercise,13,أَنَا اللهُ الْعَزِيزُ,ana llāhu l-‘azīzu,,27,9,3-x-13,,
28,3,Exercise,14,هِيَ بَيْضَاءُ,hiya bayḍā’u,,7,108,3-x-14,,
28,3,Exercise,15,هُوَ شَدِيدٌ,huwa shadīdun,,13,13,3-x-15,,
28,3,Exercise,16,أَنْتَ الْعَزِيزُ,anta l-‘azīzu,,5,118,3-x-16,,
29,3,Exercise,17,هِيَ فِتْنَةٌ,hiya fitnatun,,39,49,3-x-17,,
29,3,Exercise,18,أَنْتَ نَذِيرٌ,anta nadhīrun,,11,12,3-x-18,,
29,3,Exercise,19,أَنْتُمْ جَاهِلُونَ,antum jāhilūna,,12,89,3-x-19,,
29,3,Exercise,20,أَنَا التَّوَّابُ,ana l-tawwābu,,2,160,3-x-20,,
33,4,Exercise,1,فِي الصَّدَقَاتِ,fī l-ṣadaqāti,,9,58,4-x-1,,
33,4,Exercise,2,فِي ضَلَالٍ مُبِينٍ,fī ḍalālin mubīnin,,6,74,4-x-2,,
33,4,Exercise,3,عَلَى النَّارِ,‘alā l-nāri,,51,13,4-x-3,,
33,4,Exercise,4,بَيْنَ السَّمَاءِ وَالْأَرْضِ,bayna l-samā’i wa-l-arḍi,,2,164,4-x-4,,
33,4,Exercise,5,بَيْنَ الْمُؤْمِنِينَ,bayna l-mu’minīna,,9,107,4-x-5,,
33,4,Exercise,6,بَيْنَ الْقَوْمِ,bayna l-qawmi,,5,25,4-x-6,,
33,4,Exercise,7,مَعَ الْقَوْمِ الظَّالِمِينَ,ma‘a l-qawmi l-ẓālimīna,,6,68,4-x-7,,
33,4,Exercise,8,مَعَ الْمُؤْمِنِينَ,ma‘a l-mu’minīna,,4,146,4-x-8,,
33,4,Exercise,9,مَعَ الرَّسُولِ,ma‘a l-rasūli,,25,27,4-x-9,,
33,4,Exercise,10,عَلَىٰ هُدًى,‘alā hudan,,22,67,4-x-10,,
33,4,Exercise,11,عَلَى الرَّسُولِ,‘alā l-rasūli,,29,18,4-x-11,,
33,4,Exercise,12,عَلَى الْكَافِرِينَ,‘alā l-kāfirīna,,16,27,4-x-12,,
33,4,Exercise,13,مِنْ سَبِيلٍ,min sabīlin,,42,46,4-x-13,,
33,4,Exercise,14,إِلَىٰ بَلَدٍ,ilā baladin,,35,9,4-x-14,,
34,4,Exercise,15,إِلَىٰ عَذَابٍ عَظِيمٍ,ilā ‘adhābin ‘aẓīmin,,9,101,4-x-15,,
34,4,Exercise,16,مِنَ الرُّسُلِ,mina l-rusuli,,5,19,4-x-16,,
34,4,Exercise,17,مِنْ أَيَّامٍ أُخَرَ,min ayyāmin ukhara,,2,185,4-x-17,,
34,4,Exercise,18,مِنْ إِلٰهٍ,min ilāhin,,28,72,4-x-18,,
34,4,Exercise,19,بِاللهِ,bi-llāhi,,2,67,4-x-19,,
34,4,Exercise,20,بِالْآخِرَةِ,bi-l-ākhirati,,2,4,4-x-20,,
34,4,Exercise,21,بِوَادٍ,bi-wādin,,14,37,4-x-21,,
34,4,Exercise,22,بُشْرَىٰ لِلْمُسْلِمِينَ,bushrā li-l-muslimīna,,16,89,4-x-22,,
34,4,Exercise,23,لِلْقَوْمِ الظَّالِمِينَ,li-l-qawmi l-ẓālimīna,,11,44,4-x-23,,
34,4,Exercise,24,لِلْمُؤْمِنَاتِ,li-l-mu’mināti,,24,31,4-x-24,,
34,4,Exercise,25,لِلهِ الْآخِرَةُ وَالْأُولَىٰ,li-llāhi l-ākhiratu wa-l-ūlā,,53,25,4-x-25,,
37,5,Exercise,1,عَذَابِي شَدِيدٌ,‘adhāb-ī shadīdun,,14,7,5-x-1,,
37,5,Exercise,2,رَبِّي رَحِيمٌ,rabb-ī raḥīmun,,11,90,5-x-2,,
37,5,Exercise,3,رَبِّي قَرِيبٌ,rabb-ī qarībun,,11,61,5-x-3,,
37,5,Exercise,4,وَلِيِّيَ اللهُ,waliyy-ī Allāhu,,7,196,5-x-4,,
38,5,Exercise,5,اَللهُ رَبِّي,Allāhu Rabb-ī,,3,51,5-x-5,,
38,5,Exercise,6,اِبْنِي مِنْ أَهْلِي,ibn-ī min ahl-ī,,11,45,5-x-6,,
38,5,Exercise,7,عَذَابِي هُوَ الْعَذَابُ الْأَلِيمُ,‘adhāb-ī huwa l-‘adhābu l-alīmu,,15,50,5-x-7,,
38,5,Exercise,8,مَعِيَ رَبِّي,ma‘-ī Rabb-ī,,26,62,5-x-8,,
38,5,Exercise,9,بَيْنِي وَبَيْنَ إِخْوَتِي,bayn-ī wa-bayna ikhwat-ī,,12,100,5-x-9,,
38,5,Exercise,10,حَسْبِيَ اللهُ,ḥasb-ī llāhu,,39,38,5-x-10,,
38,5,Exercise,11,اَللهُ هُوَ الْهُدَىٰ,Allāhu huwa l-hudā,,2,120,5-x-11,,
38,5,Exercise,12,اَللهُ هُوَ الْحَقُّ,Allāhu huwa l-ḥaqqu,,22,6,5-x-12,,
38,5,Exercise,13,رَبِّي لَطِيفٌ,Rabb-ī laṭīfun,,12,100,5-x-13,,
38,5,Exercise,14,هُوَ اللهُ رَبِّي,huwa llāhu Rabb-ī,,18,38,5-x-14,,
38,5,Exercise,15,هِيَ عَصَايَ,hiya ‘aṣā-ya,,20,18,5-x-15,,
38,5,Exercise,16,اَللهُ هُوَ السَّمِيعُ,Allāhu huwa l-samī‘u,,40,20,5-x-16,,
38,5,Exercise,17,اَللهُ هُوَ رَبِّي,Allāhu huwa Rabb-ī,,43,64,5-x-17,,
38,5,Exercise,18,أَنَا رُسُلُ-ī,ana wa-rusul-ī,,58,21,5-x-18,,
38,5,Exercise,19,هُوَ مِنْ كِتَابِي,huwa mina l-kitābī,,3,78,5-x-19,,
38,5,Exercise,20,هُوَ فِي ضَلَالٍ مُبِينٍ,huwa fī ḍalālin mubīnin,,67,29,5-x-20,,
38,5,Exercise,21,عَذَابِي شَدِيدٌ,‘adhāb-ī shadīdun,,14,7,5-x-21,,
38,5,Exercise,22,هُوَ خَالِدٌ فِي النَّارِ,huwa khālidun fī l-nāri,,47,15,5-x-22,,
38,5,Exercise,23,هُوَ الْأَوَّلُ وَالْآخِرُ,huwa l-awwalu wa-l-ākhiru,,57,3,5-x-23,,
38,5,Exercise,24,أَنَا مِنَ الْمُسْلِمِينَ,ana mina l-muslimīna,,10,90,5-x-24,,
38,5,Exercise,25,أَجْرِيَ عَلَى اللهِ,ajr-ī ‘alā llāhi,,11,29,5-x-25,,
42,6,Exercise,1,ذٰلِكَ هُوَ الْفَضْلُ الْكَبِيرُ,,,42,22,6-x-1,,
42,6,Exercise,2,هٰذَا حَلَالٌ وَهٰذَا حَرَامٌ,,,16,116,6-x-2,,
42,6,Exercise,3,هٰذَا نَذِيرٌ مِنَ النُّذُرِ الْأُولَىٰ,,,53,56,6-x-3,,
42,6,Exercise,4,هٰذَا لِسَانٌ عَرَبِيٌّ,,,16,103,6-x-4,,
42,6,Exercise,5,هٰذَا رَحْمَةٌ مِنْ رَبِّي,,,18,98,6-x-5,,
42,6,Exercise,6,ذٰلِكَ الْفَضْلُ مِنَ اللهِ,,,4,70,6-x-6,,
42,6,Exercise,7,هٰذَا صِرَاطٌ مُسْتَقِيمٌ,,,3,51,6-x-7,,
42,6,Exercise,8,هٰذِهِ الْآخِرَةُ,,,29,64,6-x-8,,
42,6,Exercise,9,تِلْكَ الدَّارُ الْآخِرَةُ,,,28,83,6-x-9,,
42,6,Exercise,10,هٰذَا شَيْءٌ عَجِيبٌ,,,50,2,6-x-10,,
42,6,Exercise,11,أُولٰئِكَ عَلَىٰ هُدًى,,,2,5,6-x-11,,
42,6,Exercise,12,ذٰلِكَ هُوَ الضَّلَالُ الْبَعِيدُ,,,14,18,6-x-12,,
42,6,Exercise,13,هٰذِهِ سَبِيلِي,,,12,108,6-x-13,,
42,6,Exercise,14,ذٰلِكَ يَوْمٌ عَسِيرٌ,,,74,9,6-x-14,,
43,6,Exercise,15,أُولَٰئِكَ هُمُ الْمُؤْمِنُونَ,,,8,74,6-x-15,,
43,6,Exercise,16,هَٰذَا رَبِّي,,,6,76,6-x-16,,
43,6,Exercise,17,هَٰذَا سِحْرٌ مُبِينٌ,,,61,6,6-x-17,,
43,6,Exercise,18,ذَٰلِكَ عَلَى اللَّهِ يَسِيرٌ,,,22,70,6-x-18,,
43,6,Exercise,19,أُولَٰئِكَ مِنَ الصَّالِحِينَ,,,3,114,6-x-19,,
43,6,Exercise,20,هَٰؤُلَاءِ قَوْمٌ مُجْرِمُونَ,,,44,22,6-x-20,,
43,6,Exercise,21,أُولَٰئِكَ فِي جَنَّاتٍ مُكْرَمُونَ,,,70,35,6-x-21,,
43,6,Exercise,22,هَٰؤُلَاءِ قَلِيلُونَ,,,26,54,6-x-22,,
43,6,Exercise,23,ذَٰلِكَ فِي كِتَابٍ,,,22,70,6-x-23,,
43,6,Exercise,24,هَٰذَا صِرَاطِي,,,6,153,6-x-24,,
43,6,Exercise,25,تِلْكَ آيَاتُ اللَّهِ,,,3,108,6-x-25,,
43,6,Exercise,26,رَبِّي عَلَىٰ صِرَاطٍ مُسْتَقِيمٍ,,,11,56,6-x-26,,
43,6,Exercise,27,لِلْكَافِرِينَ عَذَابٌ مُهِينٌ,,,2,90,6-x-27,,
48,7,Exercise,1,فِي سَبِيلِ اللَّهِ,,,2,154,7-x-1,,
48,7,Exercise,2,بَنَاتُ الْأَخِ,,,4,23,7-x-2,,
48,7,Exercise,3,قَلِيلٌ مِنَ الْآخِرِينَ,,,56,14,7-x-3,,
48,7,Exercise,4,سَبِيلُ الْمُجْرِمِينَ,,,6,55,7-x-4,,
48,7,Exercise,5,الْفَضْلَ بِيَدِ اللَّهِ,,,3,73,7-x-5,,
48,7,Exercise,6,أَيْدِي النَّاسِ,,,30,41,7-x-6,,
48,7,Exercise,7,آيَاتُ الرَّحْمَٰنِ,,,19,58,7-x-7,,
48,7,Exercise,8,أَرْضُ اللَّهِ وَاسِعَةٌ,,,4,97,7-x-8,,
48,7,Exercise,9,هَٰذِهِ نَاقَةُ اللَّهِ,,,7,73,7-x-9,,
48,7,Exercise,10,قَبْلَ يَوْمِ الْحِسَابِ,,,38,16,7-x-10,,
48,7,Exercise,11,أُولَٰئِكَ حِزْبُ الشَّيْطَانِ,,,58,19,7-x-11,,
48,7,Exercise,12,اللَّهَ ذُو الْفَضْلِ الْعَظِيمِ,,,57,29,7-x-12,,
48,7,Exercise,13,كَثِيرٌ مِنَ النَّاسِ,,,22,18,7-x-13,,
49,7,Exercise,14,أُولَٰئِكَ أَصْحَابُ النَّارِ,,,2,81,7-x-14,,
49,7,Exercise,15,اللَّهَ عَدُوٌّ لِلْكَافِرِينَ,,,2,98,7-x-15,,
49,7,Exercise,16,آثَارِ رَحْمَةِ اللَّهِ,,,30,50,7-x-16,,
49,7,Exercise,17,أَنَا أَوَّلُ الْمُؤْمِنِينَ,,,7,143,7-x-17,,
49,7,Exercise,18,رَبِّ السَّمَاوَاتِ وَالْأَرْضِ,,,44,7,7-x-18,,
49,7,Exercise,19,طَائِفَةٌ مِنْ أَهْلِ الْكِتَابِ,,,3,69,7-x-19,,
49,7,Exercise,20,طَائِفَةٌ مِنْ بَنِي إِسْرَائِيلَ,,,61,14,7-x-20,,
49,7,Exercise,21,اللَّهُ وَلِيُّ الْمُؤْمِنِينَ,,,3,68,7-x-21,,
49,7,Exercise,22,إِلَى اللَّهِ عَاقِبَةُ الْأُمُورِ,,,31,22,7-x-22,,
49,7,Exercise,23,فِتْنَةٌ فِي الْأَرْضِ وَفَسَادٌ كَبِيرٌ,,,8,73,7-x-23,,
49,7,Exercise,24,عَلَىٰ شَفَا حُفْرَةٍ مِنَ النَّارِ,,,3,103,7-x-24,,
49,7,Exercise,25,الْحَمْدُ لِلَّهِ رَبِّ الْعَالَمِينَ,,,1,2,7-x-25,,
55,8,Exercise,1,دَخَلَ الْمَدِينَةَ,,,28,15,8-x-1,,
55,8,Exercise,2,دَخَلُوا قَرْيَةً,,,27,34,8-x-2,,
55,8,Exercise,3,جَعَلَ الشَّمْسَ ضِيَاءً وَالْقَمَرَ نُورًا,,,10,5,8-x-3,,
55,8,Exercise,4,بَعَثَ اللَّهُ رَسُولًا,,,25,41,8-x-4,,
55,8,Exercise,5,حَمَلَتْ حِمْلًا خَفِيفًا,,,7,189,8-x-5,,
55,8,Exercise,6,خَلَقَ السَّمَاوَاتِ وَالْأَرْضَ,,,7,54,8-x-6,,
55,8,Exercise,7,خَلَقَ اللَّهُ ذَٰلِكَ,,,10,5,8-x-7,,
55,8,Exercise,8,خَلَقْنَا الْإِنْسَانَ,,,90,4,8-x-8,,
55,8,Exercise,9,ذَكَرُوا اللَّهَ,,,3,135,8-x-9,,
55,8,Exercise,10,رَجَعْنَا إِلَى الْمَدِينَةِ,,,63,8,8-x-10,,
56,8,Exercise,11,رَجَعْتُمْ,,,9,94,8-x-11,,
56,8,Exercise,12,ضَرَبَ اللَّهُ مَثَلًا,,,39,20,8-x-12,,
56,8,Exercise,13,ضَرَبْتُمْ فِي سَبِيلِ اللَّهِ,,,4,94,8-x-13,,
56,8,Exercise,14,لَبِثُوا فِي الْعَذَابِ الْمُهِينِ,,,34,14,8-x-14,,
56,8,Exercise,15,لَبِثْتُمْ فِي كِتَابِ اللَّهِ إِلَىٰ يَوْمِ الْبَعْثِ,,,30,56,8-x-15,,
56,8,Exercise,16,كَتَبْنَا فِي الزَّبُورِ مِنْ بَعْدِ الذِّكْرِ,,,21,105,8-x-16,,
56,8,Exercise,17,وَجَدَ قَوْمًا,,,18,93,8-x-17,,
56,8,Exercise,18,وَجَدْتُ امْرَأَةً,,,27,23,8-x-18,,
56,8,Exercise,19,وَجَدُوا اللَّهَ تَوَّابًا,,,4,64,8-x-19,,
56,8,Exercise,20,وَعَدَ اللَّهُ الْمُؤْمِنِينَ وَالْمُؤْمِنَاتِ جَنَّاتٍ,,,9,72,8-x-20,,
56,8,Exercise,21,بَلَغَ مَطْلِعَ الشَّمْسِ,,,18,90,8-x-21,,
56,8,Exercise,22,ظَهَرَ أَمْرُ اللَّهِ,,,9,48,8-x-22,,
56,8,Exercise,23,ظَهَرَ الْفَسَادُ فِي الْبَرِّ وَالْبَحْرِ,,,30,41,8-x-23,,
56,8,Exercise,24,بَعَثْنَا فِي كُلِّ أُمَّةٍ رَسُولًا,,,16,36,8-x-24,,
61,9,Exercise,1,مِنَ اللَّهِ وَرَسُولِهِ,,,2,279,9-x-1,,
61,9,Exercise,2,مِنْ أُمَّهَاتِهِمْ,,,58,2,9-x-2,,
61,9,Exercise,3,فَعَلْتَ فَعْلَتَكَ,,,26,19,9-x-3,,
61,9,Exercise,4,جَعَلَ خِلَالَهَا أَنْهَارًا,,,27,61,9-x-4,,
61,9,Exercise,5,خَرَجُوا مِنْ دِيَارِهِمْ,,,2,243,9-x-5,,
61,9,Exercise,6,خَرَجْنَا مَعَكُمْ,,,9,42,9-x-6,,
61,9,Exercise,7,الْأَمْرَ بَيْنِي وَبَيْنَكُمْ,,,6,58,9-x-7,,
61,9,Exercise,8,عَلَيْكَ لَعْنَتِي,,,38,78,9-x-8,,
61,9,Exercise,9,جَعَلْنَا ابْنَ مَرْيَمَ وَأُمَّهُ آيَةً,,,23,50,9-x-9,,
61,9,Exercise,10,نَصَرَكُمُ اللَّهُ بِبَدْرٍ,,,3,123,9-x-10,,
61,9,Exercise,11,رَجَعُوا إِلَيْهِمْ,,,9,122,9-x-11,,
61,9,Exercise,12,الْأَمْرَ إِلَيْكِ,,,27,33,9-x-12,,
61,9,Exercise,13,كَذَبُوا عَلَىٰ أَنْفُسِهِمْ,,,6,24,9-x-13,,
61,9,Exercise,14,تَبِعَ هُدَايَ,,,2,38,9-x-14,,
61,9,Exercise,15,سَأَلْتُمُوهُنَّ,,,33,53,9-x-15,,
61,9,Exercise,16,بِإِذْنِ رَبِّهِ,,,7,58,9-x-16,,
61,9,Exercise,17,نِعْمَتِي عَلَيْكُمْ,,,2,150,9-x-17,,
62,9,Exercise,18,دَخَلْتُمُوهُ,,,5,23,9-x-18,,
62,9,Exercise,19,بِإِذْنِ أَهْلِهِنَّ,,,4,25,9-x-19,,
62,9,Exercise,20,سَأَلَهَا قَوْمٌ مِنْ قَبْلِكُمْ,,,5,102,9-x-20,,
62,9,Exercise,21,سَأَلَكَ عِبَادِي عَنِّي,,,2,186,9-x-21,,
62,9,Exercise,22,تَبِعَكَ,,,7,18,9-x-22,,
62,9,Exercise,23,تَبِعَنِي,,,14,36,9-x-23,,
62,9,Exercise,24,رَفَعَهُ اللَّهُ إِلَيْهِ,,,4,158,9-x-24,,
62,9,Exercise,25,سَلَامٌ عَلَيْكُمْ ۖ كَتَبَ رَبُّكُمْ عَلَىٰ,,,6,54,9-x-25,,
62,9,Exercise,26,دَخَلَ جَنَّتَهُ,,,18,35,9-x-26,,
62,9,Exercise,27,أَخَذَهُمُ اللَّهُ بِذُنُوبِهِمْ,,,3,11,9-x-27,,
68,10,Exercise,1,مَا ظَلَمَهُمُ اللَّهُ,,,3,117,10-x-1,,
68,10,Exercise,2,مَا جَعَلَ اللَّهُ لَكُمْ عَلَيْهِمْ سَبِيلًا,,,4,90,10-x-2,,
68,10,Exercise,3,مَا ذَٰلِكَ عَلَى اللَّهِ بِعَزِيزٍ,,,14,20,10-x-3,,
68,10,Exercise,4,مَا هُمْ مِنْ شَهِيدٍ,,,41,47,10-x-4,,
68,10,Exercise,5,وَمَا لَهُمْ مِنْ نَاصِرِينَ,,,3,56,10-x-5,,
68,10,Exercise,6,مَا فَعَلُوهُ,,,4,66,10-x-6,,
68,10,Exercise,7,مَا لَبِثُوا فِي الْعَذَابِ الْمُهِينِ,,,34,14,10-x-7,,
68,10,Exercise,8,مَا سَأَلْتُكُمْ مِنْ أَجْرٍ,,,34,47,10-x-8,,
68,10,Exercise,9,مَا عَلَيْهِمْ مِنْ سَبِيلٍ,,,42,41,10-x-9,,
68,10,Exercise,10,مَا أَنَا إِلَّا نَذِيرٌ مُبِينٌ,,,46,9,10-x-10,,
68,10,Exercise,11,مَا لَهُمْ بِهِ مِنْ عِلْمٍ,,,53,28,10-x-11,,
68,10,Exercise,12,مَا كَتَبْنَاهَا عَلَيْهِمْ,,,57,27,10-x-12,,
68,10,Exercise,13,مَا نَحْنُ بِمَيِّتِينَ,,,37,58,10-x-13,,
68,10,Exercise,14,وَجَدْنَا مَا وَعَدَنَا,,,7,44,10-x-14,,
68,10,Exercise,15,مَا فَعَلْنَ فِي أَنْفُسِهِنَّ مِنْ مَعْرُوفٍ,,,2,240,10-x-15,,
68,10,Exercise,16,فِي مَا أَخَذْتُمْ,,,8,68,10-x-16,,
68,10,Exercise,17,هَٰذَا مَا كَنَزْتُمْ لِأَنْفُسِكُمْ,,,9,35,10-x-17,,
68,10,Exercise,18,مَا أَمَرَ اللَّهُ بِهِ,,,13,21,10-x-18,,
68,10,Exercise,19,مَا بَيْنَ أَيْدِينَا وَمَا خَلْفَنَا,,,19,64,10-x-19,,
68,10,Exercise,20,عَلِمْنَا مَا فَرَضْنَا عَلَيْهِمْ,,,33,50,10-x-20,,
69,10,Exercise,21,مَا عَمِلَتْهُ أَيْدِيهِمْ,,,36,35,10-x-21,,
69,10,Exercise,22,لِلَّهِ مُلْكُ السَّمَاوَاتِ وَالْأَرْضِ وَمَا فِيهِنَّ,,,5,120,10-x-22,,
69,10,Exercise,23,وَقَعَ الْقَوْلُ عَلَيْهِمْ بِمَا ظَلَمُوا,,,27,85,10-x-23,,
69,10,Exercise,24,وَجَدُوا مَا عَمِلُوا,,,18,49,10-x-24,,
69,10,Exercise,25,مَا فِي الْبَرِّ وَالْبَحْرِ,,,6,59,10-x-25,,
69,10,Exercise,26,نِصْفُ مَا فَرَضْتُمْ,,,2,237,10-x-26,,
69,10,Exercise,27,ظَهَرَ الْفَسَادُ فِي الْبَرِّ وَالْبَحْرِ بِمَا كَسَبَتْ أَيْدِي النَّاسِ,,,30,41,10-x-27,,
73,11,Exercise,1,جَعَلْنَا بَعْضَكُمْ لِبَعْضٍ فِتْنَةً,,,25,20,11-x-1,,
73,11,Exercise,2,بَعْضُكُمْ لِبَعْضٍ عَدُوٌّ,,,20,123,11-x-2,,
73,11,Exercise,3,رَفَعْنَا بَعْضَهُمْ فَوْقَ بَعْضٍ,,,43,32,11-x-3,,
74,11,Exercise,4,بَعْضُ الظَّنِّ إِثْمٌ,,,49,12,11-x-4,,
74,11,Exercise,5,أُولَٰئِكَ بَعْضُهُمْ أَوْلِيَاءُ بَعْضٍ,,,8,72,11-x-5,,
74,11,Exercise,6,تَرَكْنَا بَعْضَهُمْ,,,18,99,11-x-6,,
74,11,Exercise,7,نَظَرَ بَعْضُهُمْ إِلَىٰ بَعْضٍ,,,9,127,11-x-7,,
74,11,Exercise,8,أَلْمُؤْمِنُونَ وَٱلْمُؤْمِنَاتُ بَعْضُهُمْ أَوْلِيَاءُ بَعْضٍ,,,9,71,11-x-8,,
74,11,Exercise,9,أللَّهَ عَلَىٰ كُلِّ شَيْءٍ قَدِيرٌ,,,5,40,11-x-9,,
74,11,Exercise,10,أَنْتَ عَلَىٰ كُلِّ شَيْءٍ شَهِيدٌ,,,5,117,11-x-10,,
74,11,Exercise,11,فَتَحْنَا عَلَيْهِمْ أَبْوَابَ كُلِّ شَيْءٍ,,,6,44,11-x-11,,
74,11,Exercise,12,جَعَلْنَا لِكُلِّ نَبِيٍّ عَدُوًّا مِّنَ ٱلْمُجْرِمِينَ,,,25,31,11-x-12,,
74,11,Exercise,13,لِكُلِّ أُمَّةٍ أَجَلٌ,,,7,34,11-x-13,,
74,11,Exercise,14,أَلْمَوْتُ مِنْ كُلِّ مَكَانٍ,,,14,17,11-x-14,,
74,11,Exercise,15,ذَهَبَ كُلٌّ إِلَٰهٍ بِمَا خَلَقَ,,,23,91,11-x-15,,
74,11,Exercise,16,بَعَثْنَا فِي كُلِّ أُمَّةٍ رَّسُولًا,,,16,36,11-x-16,,
74,11,Exercise,17,رَبُّكَ عَلَىٰ كُلِّ شَيْءٍ حَفِيظٌ,,,34,21,11-x-17,,
74,11,Exercise,18,كُلُّ نَفْسٍ بِمَا كَسَبَتْ رَهِينَةٌ,,,74,38,11-x-18,,
74,11,Exercise,19,وَكُلُّ صَغِيرٍ وَكَبِيرٍ مُّسْتَطَرٌ,,,54,53,11-x-19,,
74,11,Exercise,20,لَهُمْ فِيهَا مِن كُلِّ ٱلثَّمَرَاتِ وَمَغْفِرَةٌ,,,47,15,11-x-20,,
74,11,Exercise,21,كُلُّ مَا سَأَلْتُمُوهُ,,,14,34,11-x-21,,
74,11,Exercise,22,لَبِثْنَا يَوْمًا أَوْ بَعْضَ يَوْمٍ,,,18,19,11-x-22,,
74,11,Exercise,23,دَخَلُوهُ أَوَّلَ مَرَّةٍ,,,17,7,11-x-23,,
80,12,Exercise,1,كَانَ لِمَنْ وُلِدَ,,,4,12,12-x-1,,
80,12,Exercise,2,كَانُوا قَوْمًا مُّجْرِمِينَ,,,7,133,12-x-2,,
80,12,Exercise,3,كَانُوا كَهَشِيمِ,,,54,31,12-x-3,,
80,12,Exercise,4,كُنَّا مُسْلِمِينَ,,,27,42,12-x-4,,
80,12,Exercise,5,كُنْتُ فِي غَفْلَةٍ مِّنْ هَٰذَا,,,50,22,12-x-5,,
80,12,Exercise,6,كَانَ أَمْرُ ٱللَّهِ مَفْعُولًا,,,4,47,12-x-6,,
80,12,Exercise,7,كَانَ عَدُوًّا لِّلَّهِ وَمَلَائِكَتِهِۦ وَرُسُلِهِۦ,,,2,98,12-x-7,,
80,12,Exercise,8,كَانَ مَعَهُ,,,23,91,12-x-8,,
80,12,Exercise,9,كَانَ بِعِبَادِهِۦ خَبِيرًا بَصِيرًا,,,17,96,12-x-9,,
80,12,Exercise,10,كَانَ رَبُّكَ بَصِيرًا,,,25,20,12-x-10,,
80,12,Exercise,11,كَانُوا عَلَيْهِ شُهَدَاءَ,,,5,44,12-x-11,,
80,12,Exercise,12,كَانَ ٱلنَّاسُ أُمَّةً,,,2,213,12-x-12,,
80,12,Exercise,13,كُنْتُ أَنْتَ ٱلرَّقِيبَ عَلَيْهِمْ,,,5,117,12-x-13,,
80,12,Exercise,14,مَا كُنَّا سَارِقِينَ,,,12,73,12-x-14,,
80,12,Exercise,15,كُنْتُمْ مُّجْرِمِينَ,,,34,32,12-x-15,,
80,12,Exercise,16,كُنْتُمْ عَلَىٰ شَفَا حُفْرَةٍ مِّنَ ٱلنَّارِ,,,3,103,12-x-16,,
80,12,Exercise,17,كَانَ مِنَ ٱلْقُرُونِ مِن قَبْلِكُمْ,,,11,116,12-x-17,,
80,12,Exercise,18,كَانُوا قَوْمَ سَوْءٍ,,,21,74,12-x-18,,
80,12,Exercise,19,كَانَ ذَٰلِكَ عَلَى ٱللَّهِ يَسِيرًا,,,4,169,12-x-19,,
81,12,Exercise,20,كَانَتْ مِن قَوْمٍ كَافِرِينَ,,,27,43,12-x-20,,
81,12,Exercise,21,مَا كَانَ عَلَى ٱلنَّبِيِّ مِنْ حَرَجٍ,,,33,38,12-x-21,,
81,12,Exercise,22,كَانَ لَكُمْ فِي رَسُولِ ٱللَّهِ أُسْوَةٌ حَسَنَةٌ,,,33,21,12-x-22,,
81,12,Exercise,23,كَانَ فِي ضَلَالٍ مُّبِينٍ,,,43,40,12-x-23,,
81,12,Exercise,24,لَمَّا سَكَتَ عَن مُّوسَى ٱلْغَضَبُ أَخَذَ ٱلْأَلْوَاحَ,,,7,154,12-x-24,,
81,12,Exercise,25,لَمَّا فَتَحُوا مَتَاعَهُمْ وَجَدُوا بِضَاعَتَهُمْ,,,12,65,12-x-25,,
81,12,Exercise,26,كُنَّا عَنْ هَٰذَا غَافِلِينَ,,,7,172,12-x-26,,
85,13,Exercise,1,مَتَا تَرَكَ ٱلْوَالِدَانِ,,,4,33,13-x-1,,
85,13,Exercise,2,قَالَ رَجُلَانِ,,,5,23,13-x-2,,
85,13,Exercise,3,يَدَاهُ مَبْسُوطَتَانِ,,,5,64,13-x-3,,
85,13,Exercise,4,آخَرَانِ,,,5,106,13-x-4,,
85,13,Exercise,5,دَخَلَ مَعَهُ ٱلسِّجْنَ فَتَيَانِ,,,12,36,13-x-5,,
85,13,Exercise,6,هَٰذَانِ سَاحِرَانِ,,,20,63,13-x-6,,
85,13,Exercise,7,وَجَدَ فِيهَا رَجُلَيْنِ,,,28,15,13-x-7,,
85,13,Exercise,8,ذَانِكَ بُرْهَانَانِ مِن رَّبِّكَ,,,28,32,13-x-8,,
85,13,Exercise,9,طَائِفَتَانِ مِنَ ٱلْمُؤْمِنِينَ,,,49,9,13-x-9,,
85,13,Exercise,10,فِيهِمَا عَيْنَانِ,,,55,50,13-x-10,,
85,13,Exercise,11,ابْنَتَيَّ هَاتَيْنِ (genitive),,,28,27,13-x-11,,
85,13,Exercise,12,وَجَدَ مِن دُونِهِمُ ٱمْرَأَتَيْنِ,,,28,23,13-x-12,,
85,13,Exercise,13,بَلَغَا مَجْمَعَ بَيْنِهِمَا,,,18,61,13-x-13,,
85,13,Exercise,14,فِيهِمَا إِثْمٌ كَبِيرٌ,,,2,219,13-x-14,,
85,13,Exercise,15,بَيْنَهُمَا حِجَابٌ,,,7,46,13-x-15,,
85,13,Exercise,16,جَعَلَا لَهُ شُرَكَاءَ,,,7,190,13-x-16,,
85,13,Exercise,17,وَمَا نَحْنُ لَكُمَا بِمُؤْمِنِينَ,,,10,78,13-x-17,,
85,13,Exercise,18,خَلَقْنَا ٱلسَّمَاوَاتِ وَٱلْأَرْضَ وَمَا بَيْنَهُمَا,,,15,85,13-x-18,,
85,13,Exercise,19,جَعَلْنَا بَيْنَهُمَا زَرْعًا,,,18,32,13-x-19,,
85,13,Exercise,20,مَا خَلَقْنَاهُمَا إِلَّا بِٱلْحَقِّ,,,44,39,13-x-20,,
85,13,Exercise,21,فِيهِمَا فَاكِهَةٌ وَنَخْلٌ وَرُمَّانٌ,,,55,68,13-x-21,,
85,13,Exercise,22,جَعَلْنَا ٱلَّيْلَ وَٱلنَّهَارَ آيَتَيْنِ,,,17,12,13-x-22,,
97,15,Exercise,1,عَلَّمَ ٱلْقُرْآنَ,,,55,2,15-x-1,,
97,15,Exercise,2,عَلَّمَكَ ٱلْكِتَابَ,,,5,110,15-x-2,,
97,15,Exercise,3,ذَٰلِكَ بِمَا قَدَّمَتْ أَيْدِيكُمْ,,,3,182,15-x-3,,
97,15,Exercise,4,مَا قَدَّمَ وَأَخَّرَ,,,75,13,15-x-4,,
97,15,Exercise,5,كَذَّبُوا بِآيَاتِنَا,,,3,11,15-x-5,,
97,15,Exercise,6,كَذَّبَ بِٱلسَّاعَةِ,,,25,11,15-x-6,,
97,15,Exercise,7,جَاهَدُوا فِي سَبِيلِ ٱللَّهِ,,,2,218,15-x-7,,
97,15,Exercise,8,جَاهَدَاكَ,,,29,8,15-x-8,,
97,15,Exercise,9,قَدْ جَادَلْتَنَا,,,11,32,15-x-9,,
97,15,Exercise,10,قَاتَلَهُمُ ٱللَّهُ,,,9,30,15-x-10,,
98,15,Exercise,11,قَاتِلُوكُمْ فِي ٱلدِّينِ,,,60,9,15-x-11,,
98,15,Exercise,12,أَرْسَلْنَاهُ قُرْآنًا عَرَبِيًّا,,,12,2,15-x-12,,
98,15,Exercise,13,أَنْزَلَ مِنَ ٱلسَّمَاءِ مَاءً,,,2,22,15-x-13,,
98,15,Exercise,14,مَا أَنْزَلَ ٱللَّهُ عَلَىٰ بَشَرٍ مِّن شَيْءٍ,,,6,91,15-x-14,,
98,15,Exercise,15,أَهْلَكْنَاهُم بِذُنُوبِهِمْ,,,6,6,15-x-15,,
98,15,Exercise,16,مَا أَهْلَكْنَا مِن قَرْيَةٍ إِلَّا وَلَهَا كِتَابٌ مَّعْلُومٌ,,,15,4,15-x-16,,
98,15,Exercise,17,أَرْسَلَ رَسُولَهُ بِٱلْهُدَىٰ,,,9,33,15-x-17,,
98,15,Exercise,18,أَرْسَلْنَا نُوحًا إِلَىٰ قَوْمِهِ,,,11,25,15-x-18,,
98,15,Exercise,19,أَرْسَلْتَ إِلَيْنَا رَسُولًا,,,20,134,15-x-19,,
98,15,Exercise,20,تَوَكَّلْتُ عَلَى ٱللَّهِ رَبِّي وَرَبِّكُمْ,,,11,56,15-x-20,,
98,15,Exercise,21,اِنْقَلَبَ عَلَىٰ وَجْهِهِ,,,22,11,15-x-21,,
98,15,Exercise,22,اِنْقَلَبُوا إِلَىٰ أَهْلِهِمْ,,,83,31,15-x-22,,
98,15,Exercise,23,نَصَرُوهُ وَٱتَّبَعُوا ٱلنُّورَ,,,7,157,15-x-23,,
98,15,Exercise,24,اِتَّبَعُوا ٱلْحَقَّ مِن رَّبِّهِمْ,,,47,3,15-x-24,,
98,15,Exercise,25,اِخْتَلَفُوا فِي ٱلْكِتَابِ,,,2,176,15-x-25,,
98,15,Exercise,26,اِخْتَلَفَ ٱلْأَحْزَابُ مِنْ بَيْنِهِمْ,,,43,65,15-x-26,,
98,15,Exercise,27,وَٱسْتَغْفَرَ لَهُمُ ٱلرَّسُولُ,,,4,64,15-x-27,,
98,15,Exercise,28,فَٱسْتَغْفَرُوا لِذُنُوبِهِمْ,,,3,135,15-x-28,,
98,15,Exercise,29,وَٱسْتَكْبَرْتَ وَكُنْتَ مِنَ ٱلْكَافِرِينَ,,,39,59,15-x-29,,
98,15,Exercise,30,فَٱسْتَكْبَرُوا وَكَانُوا قَوْمًا مُّجْرِمِينَ,,,7,133,15-x-30,,
103,16,Exercise,1,نَبْعَثُ مِنْ كُلِّ أُمَّةٍ شَهِيدًا,,,16,89,16-x-1,,
103,16,Exercise,2,أَبْلُغَ مَجْمَعَ الْبَحْرَيْنِ,,,18,60,16-x-2,,
103,16,Exercise,3,نَجْعَلُهُمَا تَحْتَ أَقْدَامِنَا,,,41,29,16-x-3,,
103,16,Exercise,4,يَأْكُلْ مِمَّا تَأْكُلُونَ مِنْهُ ... وَيَشْرَبُ مِمَّا تَشْرَبُونَ,,,23,33,16-x-4,,
103,16,Exercise,5,نَحْمِلُهُ (f.s.),,,19,27,16-x-5,,
103,16,Exercise,6,هُمْ لَا يَرْجِعُونَ,,,2,18,16-x-6,,
103,16,Exercise,7,يَدْخُلُونَ عَلَيْهِمْ مِنْ كُلِّ بَابٍ,,,13,23,16-x-7,,
103,16,Exercise,8,سَنَذْكُرُهُمْ,,,2,235,16-x-8,,
103,16,Exercise,9,يَضْرِبُ اللَّهُ الْأَمْثَالَ لِلنَّاسِ,,,14,25,16-x-9,,
103,16,Exercise,10,يَكْتُبُونَ الْكِتَابَ بِأَيْدِيهِمْ,,,2,79,16-x-10,,
103,16,Exercise,11,يَأْخُذُكُمْ عَذَابٌ قَرِيبٌ,,,11,64,16-x-11,,
103,16,Exercise,12,كَانَ يَأْمُرُ أَهْلَهُ بِالصَّلَوٰةِ وَالزَّكَوٰةِ,,,19,55,16-x-12,,
103,16,Exercise,13,لَا يَخْرُجُونَ مَعَهُمْ,,,59,12,16-x-13,,
104,16,Exercise,14,يَسْأَلُونَكَ عَنِ الشَّهْرِ الْحَرَامِ,,,2,217,16-x-14,,
104,16,Exercise,15,يَسْمَعُ كَلَامَ اللَّهِ,,,9,6,16-x-15,,
104,16,Exercise,16,يَعْلَمُ مَا تَكْسِبُ كُلُّ نَفْسٍ,,,13,42,16-x-16,,
104,16,Exercise,17,لَا يُكَلِّمُهُمُ اللَّهُ وَلَا يَنْظُرُ إِلَيْهِمْ,,,3,77,16-x-17,,
104,16,Exercise,18,يَنْصُرُونَكُمْ,,,26,93,16-x-18,,
104,16,Exercise,19,اللَّهُ شَهِيدٌ عَلَى مَا تَعْمَلُونَ,,,3,98,16-x-19,,
104,16,Exercise,20,عَلَى رَبِّهِمْ يَتَوَكَّلُونَ,,,8,2,16-x-20,,
104,16,Exercise,21,يَسْتَغْفِرُونَهُ وَاللَّهُ غَفُورٌ رَحِيمٌ,,,5,74,16-x-21,,
104,16,Exercise,22,يُعَلِّمُكُمُ الْكِتَابَ وَالْحِكْمَةَ,,,2,151,16-x-22,,
104,16,Exercise,23,لَا يَسْتَكْبِرُونَ,,,5,82,16-x-23,,
104,16,Exercise,24,لَا نُكَذِّبُ بِآيَاتِ رَبِّنَا,,,6,27,16-x-24,,
104,16,Exercise,25,يُجَاهِدُونَ فِي سَبِيلِ اللَّهِ بِأَمْوَالِهِمْ وَأَنْفُسِهِمْ,,,61,11,16-x-25,,
104,16,Exercise,26,يَتَذَكَّرُ أُولُوا الْأَلْبَابِ,,,39,9,16-x-26,,
104,16,Exercise,27,سَأُنْزِلُ مِثْلَ مَا أَنْزَلَ اللَّهُ,,,6,93,16-x-27,,
104,16,Exercise,28,يُهْلِكُونَ أَنْفُسَهُمْ,,,6,26,16-x-28,,
104,16,Exercise,29,لَا يُقَاتِلُونَكُمْ,,,59,14,16-x-29,,
104,16,Exercise,30,سَوْفَ يَبْصِرُونَ,,,37,175,16-x-30,,
110,17,Exercise,1,أَفَلَا تَتَذَكَّرُونَ,,,6,80,17-x-1,,
110,17,Exercise,2,سَنَنْظُرُ أَصَدَقْتَ أَمْ كُنْتَ مِنَ الْكَاذِبِينَ,,,27,27,17-x-2,,
110,17,Exercise,3,أَفَنَجْعَلُ الْمُسْلِمِينَ كَالْمُجْرِمِينَ,,,68,35,17-x-3,,
110,17,Exercise,4,مَتَى هَذَا الْوَعْدُ,,,10,48,17-x-4,,
110,17,Exercise,5,أَنَّى لَهُمُ الذِّكْرَى,,,44,13,17-x-5,,
110,17,Exercise,6,مَا أَصْحَابُ الْيَمِينِ,,,56,27,17-x-6,,
110,17,Exercise,7,مَا أَدْرَاكَ مَا يَوْمُ الدِّينِ,,,82,17,17-x-7,,
110,17,Exercise,8,فَهَلْ وَجَدْتُمْ مَا وَعَدَ رَبُّكُمْ,,,7,44,17-x-8,,
110,17,Exercise,9,هَلْ عِنْدَكُمْ مِنْ عِلْمٍ,,,6,148,17-x-9,,
111,17,Exercise,10,أَوَلَا يَعْلَمُونَ,,,2,77,17-x-10,,
111,17,Exercise,11,أَيَطْمَعُ اللَّهُ بَشَرًا رَسُولًا,,,17,94,17-x-11,,
111,17,Exercise,12,أَلَا لَهُ الْحُكْمُ,,,6,62,17-x-12,,
111,17,Exercise,13,نَنْظُرُ كَيْفَ تَعْمَلُونَ,,,10,14,17-x-13,,
111,17,Exercise,14,أَفَلَا تَعْقِلُونَ,,,3,65,17-x-14,,
111,17,Exercise,15,أَيُبْصِرُونَنِي,,,15,54,17-x-15,,
111,17,Exercise,16,أَكَذَّبْتُمْ بِآيَاتِي,,,27,84,17-x-16,,
111,17,Exercise,17,أَهُمْ يَقْسِمُونَ رَحْمَةَ رَبِّكَ,,,43,32,17-x-17,,
111,17,Exercise,18,هَلْ عَلِمْتُمْ مَا فَعَلْتُمْ,,,12,89,17-x-18,,
111,17,Exercise,19,أَعَجِلْتُمْ أَمْرَ رَبِّكُمْ,,,7,150,17-x-19,,
111,17,Exercise,20,أَبِهَذَا آيَاتِنَا يَسْتَعْجِلُونَ,,,26,204,17-x-20,,
111,17,Exercise,21,هَلْ يَسْمَعُونَكُمْ,,,26,72,17-x-21,,
111,17,Exercise,22,وَتَبَيَّنَ لَكُمْ كَيْفَ فَعَلْنَا بِهِمْ,,,14,45,17-x-22,,
111,17,Exercise,23,أَفَمَا نَحْنُ بِمَيِّتِينَ,,,37,58,17-x-23,,
111,17,Exercise,24,فَهَلْ أَنْتُمْ مُسْلِمُونَ,,,11,14,17-x-24,,
111,17,Exercise,25,أَلَا ذَلِكَ هُوَ الْخُسْرَانُ الْمُبِينُ,,,39,15,17-x-25,,
111,17,Exercise,26,وَمَا أَدْرَاكَ مَا الْقَارِعَةُ,,,101,3,17-x-26,,
111,17,Exercise,27,أَفَأَنْتَ تُسْمِعُ الصُّمَّ,,,10,42,17-x-27,,
111,17,Exercise,28,كَيْفَ تَأْخُذُونَهُ,,,4,21,17-x-28,,
111,17,Exercise,29,أَكَانَ لِلنَّاسِ عَجَبًا,,,10,2,17-x-29,,
111,17,Exercise,30,أَفَلَا يَنْظُرُونَ إِلَى الْإِبِلِ,,,88,17,17-x-30,,
119,18,Exercise,1,يَسْأَلُكَ أَهْلُ الْكِتَابِ أَنْ تُنَزِّلَ عَلَيْهِمْ كِتَابًا مِنَ السَّمَاءِ,,,4,153,18-x-1,,
119,18,Exercise,2,جَعَلْنَاكُمْ أُمَّةً وَسَطًا لِتَكُونُوا شُهَدَاءَ عَلَى النَّاسِ,,,2,143,18-x-2,,
119,18,Exercise,3,كَرِهُوا أَنْ يُجَاهِدُوا بِأَمْوَالِهِمْ وَأَنْفُسِهِمْ فِي سَبِيلِ اللَّهِ,,,9,81,18-x-3,,
119,18,Exercise,4,جَزَاؤُهُمْ أَنَّ عَلَيْهِمْ لَعْنَةَ اللَّهِ,,,3,87,18-x-4,,
119,18,Exercise,5,يُبَايِعُونَكَ عَلَى أَنْ لَا يُشْرِكْنَ بِاللَّهِ شَيْئًا,,,60,12,18-x-5,,
119,18,Exercise,6,أَعَجِزْتُ أَنْ أَكُونَ مِثْلَ هَذَا الْغُرَابِ,,,5,31,18-x-6,,
119,18,Exercise,7,ذَلِكَ بِأَنَّهُمُ اتَّبَعُوا مَا أَسْخَطَ اللَّهَ,,,47,28,18-x-7,,
119,18,Exercise,8,أَيَطْمَعُ أَلَّا نَحْكُمَ النَّاسَ ثَلَاثَ لَيَالٍ,,,19,10,18-x-8,,
119,18,Exercise,9,نُزِّلَ بِهِ عَلَى قَلْبِكَ لِتَكُونَ مِنَ الْمُنْذِرِينَ [193-4 :26],,,0,0,18-x-9,,
119,18,Exercise,10,نَطْمَعُ أَنْ يُدْخِلَنَا رَبُّنَا مَعَ الْقَوْمِ الصَّالِحِينَ,,,5,84,18-x-10,,
120,18,Exercise,11,لَنْ يُؤَخِّرَ اللَّهُ نَفْسًا,,,63,11,18-x-11,,
120,18,Exercise,12,إِنَّ اللَّهَ يَأْمُرُكُمْ أَنْ تَذْبَحُوا بَقَرَةً,,,2,67,18-x-12,,
120,18,Exercise,13,هُوَ الْحَقُّ مِنْ رَبِّكَ لِتُنْذِرَ قَوْمًا,,,32,3,18-x-13,,
120,18,Exercise,14,يُبَشِّرُ الْمُؤْمِنِينَ أَنَّ لَهُمْ أَجْرًا كَبِيرًا,,,17,9,18-x-14,,
120,18,Exercise,15,جَعَلْنَا اللَّيْلَ لِيَسْكُنُوا فِيهِ,,,27,86,18-x-15,,
120,18,Exercise,16,هُوَ الْقَادِرُ عَلَى أَنْ يَبْعَثَ عَلَيْكُمْ عَذَابًا,,,6,65,18-x-16,,
120,18,Exercise,17,تَبَيَّنَ لَهُمْ أَنَّهُمْ أَصْحَابُ الْجَحِيمِ A,,,9,113,18-x-17,,
120,18,Exercise,18,تَبَيَّنَ لَهُ أَنَّهُ عَدُوٌّ لِلَّهِ,,,9,114,18-x-18,,
120,18,Exercise,19,وَكَتَبْنَا عَلَيْهِمْ فِيهَا أَنَّ النَّفْسَ بِالنَّفْسِ وَالْعَيْنَ بِالْعَيْنِ,,,5,45,18-x-19,,
120,18,Exercise,20,سَخَّرَ الْبَحْرَ لِتَأْكُلُوا مِنْهُ لَحْمًا,,,16,14,18-x-20,,
120,18,Exercise,21,ذَلِكَ جَزَاؤُهُمْ بِأَنَّهُمْ كَفَرُوا بِآيَاتِنَا,,,17,98,18-x-21,,
120,18,Exercise,22,إِنَّا نَطْمَعُ أَنْ يَغْفِرَ لَنَا رَبُّنَا خَطَايَانَا,,,26,51,18-x-22,,
120,18,Exercise,23,أَوَلَا يَذْكُرُ الْإِنْسَانُ أَنَّا خَلَقْنَاهُ,,,19,67,18-x-23,,
120,18,Exercise,24,وَأَنْزَلَ مَعَهُمُ الْكِتَابَ بِالْحَقِّ لِيَحْكُمَ بَيْنَ النَّاسِ,,,2,213,18-x-24,,
120,18,Exercise,25,هَلْ أَدُلُّكَ عَلَى أَنْ تَعْلَمَنِي,,,18,66,18-x-25,,
125,19,Exercise,1,إِنَّا إِلَيْهِ رَاجِعُونَ,,,2,156,19-x-1,,
125,19,Exercise,2,إِنَّ اللَّهَ جَامِعُ النَّاسِ,,,3,9,19-x-2,,
125,19,Exercise,3,إِنَّ كَذَلِكَ نَفْعَلُ بِالْمُجْرِمِينَ,,,37,34,19-x-3,,
125,19,Exercise,4,قَالُوا إِنَّا إِلَى رَبِّنَا مُنْقَلِبُونَ,,,7,125,19-x-4,,
125,19,Exercise,5,إِنَّ اللَّهَ يَأْمُرُ بِالْعَدْلِ وَالْإِحْسَانِ,,,16,90,19-x-5,,
125,19,Exercise,6,إِنِّي جَعَلْنَاكَ خَلِيفَةً فِي الْأَرْضِ,,,38,26,19-x-6,,
125,19,Exercise,7,إِنَّ جَهَنَّمَ جَزَاؤُكُمْ,,,17,63,19-x-7,,
125,19,Exercise,8,إِنَّكَ لَمَجْنُونٌ,,,15,6,19-x-8,,
125,19,Exercise,9,إِنَّ اللَّهَ غَفُورٌ رَحِيمٌ,,,2,173,19-x-9,,
126,19,Exercise,10,قَالَ الْكَافِرُونَ إِنَّ هَذَا لَسَاحِرٌ مُبِينٌ,,,10,2,19-x-10,,
126,19,Exercise,11,إِنَّ لَنْ نَدْخُلَهَا,,,5,22,19-x-11,,
126,19,Exercise,12,إِنَّ اللَّهَ عَدُوٌّ لِلْكَافِرِينَ,,,2,98,19-x-12,,
126,19,Exercise,13,إِنَّا أَنْزَلْنَا إِلَيْكَ الْكِتَابَ بِالْحَقِّ,,,4,105,19-x-13,,
126,19,Exercise,14,إِنَّ لَهُ أَبًا شَيْخًا كَبِيرًا,,,12,78,19-x-14,,
126,19,Exercise,15,إِنَّهُ مِنْ عِبَادِنَا الْمُخْلَصِينَ,,,12,24,19-x-15,,
126,19,Exercise,16,إِنَّ هَذَا لَشَيْءٌ عَجِيبٌ,,,11,72,19-x-16,,
126,19,Exercise,17,إِنَّ الشَّيْطَانَ لِلْإِنْسَانِ عَدُوٌّ مُبِينٌ,,,12,5,19-x-17,,
126,19,Exercise,18,إِنَّهُ مِنَ الصَّالِحِينَ,,,21,75,19-x-18,,
126,19,Exercise,19,إِنَّهُ بِمَا تَعْمَلُونَ بَصِيرٌ,,,11,112,19-x-19,,
126,19,Exercise,20,إِنَّ زِلْزِلَةَ السَّاعَةِ شَيْءٌ عَظِيمٌ,,,22,1,19-x-20,,
126,19,Exercise,21,إِنَّهَا بَقَرَةٌ صَفْرَاءُ,,,2,69,19-x-21,,
126,19,Exercise,22,إِنَّ اللَّهَ عَلَى كُلِّ شَيْءٍ قَدِيرٌ,,,2,148,19-x-22,,
126,19,Exercise,23,إِنِّي تَوَكَّلْتُ عَلَى اللَّهِ,,,11,56,19-x-23,,
126,19,Exercise,24,إِنَّ كَثِيرًا مِنَ النَّاسِ عَنْ آيَاتِنَا لَغَافِلُونَ,,,10,92,19-x-24,,
126,19,Exercise,25,إِنَّ لَكُمْ فِي الْأَنْعَامِ لَعِبْرَةً,,,23,21,19-x-25,,
126,19,Exercise,26,أَلَا إِنَّ لِلَّهِ مَا فِي السَّمَوَاتِ وَالْأَرْضِ,,,24,64,19-x-26,,
126,19,Exercise,27,إِنَّ الْمُنَافِقِينَ يُخَادِعُونَ اللَّهَ,,,4,142,19-x-27,,
126,19,Exercise,28,إِنَّا أَرْسَلْنَاكَ بِالْحَقِّ بَشِيرًا وَنَذِيرًا,,,35,24,19-x-28,,
126,19,Exercise,29,قَالُوا شَهِدْنَا عَلَى أَنْفُسِنَا,,,6,130,19-x-29,,
126,19,Exercise,30,قَالُوا وَجَدْنَا آبَاءَنَا لَهَا عَابِدِينَ,,,21,53,19-x-30,,
130,20,Exercise,1,لَمْ تُنْذِرْهُمْ,,,2,6,20-x-1,,
130,20,Exercise,2,يَعْلَمُكُمْ مَا لَمْ تَكُونُوا تَعْلَمُونَ,,,2,151,20-x-2,,
130,20,Exercise,3,لَمْ أُشْرِكْ بِرَبِّي أَحَدًا,,,18,42,20-x-3,,
130,20,Exercise,4,لَمْ يَكُنْ لَهُ وَلِيٌّ,,,17,111,20-x-4,,
130,20,Exercise,5,أَلَمْ تَعْلَمْ أَنَّ اللَّهَ يَعْلَمُ مَا فِي السَّمَاءِ وَالْأَرْضِ,,,22,70,20-x-5,,
130,20,Exercise,6,لَمْ يَكُنْ لَهُ شَرِيكٌ فِي الْمُلْكِ,,,25,2,20-x-6,,
130,20,Exercise,7,لَمْ يَبْلُغُوا النِّكَاحَ,,,24,58,20-x-7,,
130,20,Exercise,8,لَمْ يَجْعَلِ اللَّهُ لَهُ نُورًا,,,24,40,20-x-8,,
130,20,Exercise,9,أَلَمْ أَقُلْ لَكُمْ,,,68,28,20-x-9,,
130,20,Exercise,10,لَا تَسْتَعْجِلْ,,,46,35,20-x-10,,
130,20,Exercise,11,فَعَلِمَ مَا لَمْ تَعْلَمُوا,,,48,27,20-x-11,,
130,20,Exercise,12,أَفَلَمْ يَنْظُرُوا إِلَى السَّمَاءِ فَوْقَهُمْ,,,50,6,20-x-12,,
130,20,Exercise,13,عَلَّمَ الْإِنْسَانَ مَا لَمْ يَعْلَمْ,,,96,5,20-x-13,,
130,20,Exercise,14,فَلَمْ يَجِدُوا لَهُمْ مِنْ دُونِ اللَّهِ أَنْصَارًا,,,71,25,20-x-14,,
130,20,Exercise,15,أَلَمْ نَجْعَلْ لَهُ عَيْنَيْنِ,,,90,8,20-x-15,,
131,20,Exercise,16,أَلَمْ نُهْلِكِ الْأَوَّلِينَ,,,77,16,20-x-16,,
131,20,Exercise,17,لَمْ تَكُونُوا مُؤْمِنِينَ,,,37,29,20-x-17,,
131,20,Exercise,18,لَمْ يَسْمَعُوهَا,,,31,7,20-x-18,,
131,20,Exercise,19,أَلَمْ يَعِدْكُمْ رَبُّكُمْ وَعْدًا حَسَنًا,,,20,86,20-x-19,,
131,20,Exercise,20,لَا تَقْرَبَا هَذِهِ الشَّجَرَةَ,,,2,35,20-x-20,,
131,20,Exercise,21,لَمْ يَكُنْ لَهُ كُفُوًا أَحَدٌ,,,112,4,20-x-21,,
131,20,Exercise,22,لَا تَحْزَنِي,,,28,7,20-x-22,,
131,20,Exercise,23,لَا تَعْبُدِ الشَّيْطَانَ,,,19,44,20-x-23,,
131,20,Exercise,24,لَا تَسْأَلِي عَنْ شَيْءٍ,,,18,70,20-x-24,,
131,20,Exercise,25,لَا تَكُنْ مَعَ الْكَافِرِينَ,,,11,42,20-x-25,,
131,20,Exercise,26,لَا تَقْتُلُوا أَوْلَادَكُمْ,,,17,31,20-x-26,,
131,20,Exercise,27,لَا تَنْقُضُوا الْأَيْمَانَ,,,16,91,20-x-27,,
131,20,Exercise,28,لَا تَدْخُلُوا مِنْ بَابٍ وَاحِدٍ,,,12,67,20-x-28,,
137,21,Exercise,1,أَلَيْسَ هَذَا بِالْحَقِّ,,,46,34,21-x-1,,
137,21,Exercise,2,أَلَيْسَ كَمِثْلِهِ شَيْءٌ,,,42,11,21-x-2,,
137,21,Exercise,3,يَقُولُونَ بِأَلْسِنَتِهِم مَّا لَيْسَ فِي قُلُوبِهِمْ,,,48,11,21-x-3,,
137,21,Exercise,4,لَيْسَ لَهُمْ طَعَامٌ,,,88,6,21-x-4,,
137,21,Exercise,5,إِنَّهُ لَيْسَ مِنْ أَهْلِكَ,,,11,46,21-x-5,,
137,21,Exercise,6,أَلَيْسَ فِي جَهَنَّمَ مَثْوًى لِّلْكَافِرِينَ,,,29,68,21-x-6,,
137,21,Exercise,7,لَيْسَ عَلَيْكُمْ جُنَاحٌ فِيمَا أَخْطَأْتُم,,,33,5,21-x-7,,
137,21,Exercise,8,لَيْسَ بِخَارِجٍ مِّنْهَا,,,6,122,21-x-8,,
137,21,Exercise,9,أَلَيْسَ لِي مُلْكُ مِصْرَ,,,43,51,21-x-9,,
137,21,Exercise,10,إِذْ هُمْ عَلَيْهَا قُعُودٌ,,,85,6,21-x-10,,
137,21,Exercise,11,مَنْ أَسْلَمَ وَجْهَهُ لِلّهِ فَلَهُ أَجْرُهُ عِندَ رَبِّهِ,,,2,112,21-x-11,,
137,21,Exercise,12,وَمِنْهُم مَّنْ أَغْرَقْنَا,,,29,40,21-x-12,,
137,21,Exercise,13,هَلْ مِن شُرَكَائِكُم مَّن يَفْعَلُ مِن ذَلِكُم مِّن شَيْءٍ,,,30,40,21-x-13,,
138,21,Exercise,14,وَمِنَ الْحَقِّ مَن يَعْمَلْ بَيْنَ يَدَيْهِ بِإِذْنِ رَبِّهِ,,,34,12,21-x-14,,
138,21,Exercise,15,مَا أَنتَ بِمُسْمِعٍ مَّن فِي الْقُبُورِ,,,35,22,21-x-15,,
138,21,Exercise,16,مِنْهُم مَّنْ عَاهَدَ اللّهَ,,,9,75,21-x-16,,
138,21,Exercise,17,مِنَ الْأَحْزَابِ مَن يُنكِرُ بَعْضَهُ,,,13,36,21-x-17,,
138,21,Exercise,18,مِنَ النَّاسِ مَن يُجَادِلُ فِي اللَّهِ بِغَيْرِ عِلْمٍ,,,22,8,21-x-18,,
138,21,Exercise,19,إِذَا هُم مِّنْهَا يَرْكُضُونَ,,,21,12,21-x-19,,
138,21,Exercise,20,فَإِذَا هُم فَرِيقَانِ,,,27,45,21-x-20,,
138,21,Exercise,21,إِذَا أَنتُم بَشَرٌ,,,30,20,21-x-21,,
138,21,Exercise,22,إِذَا فَرِيقٌ مِّنْهُم بِرَبِّهِمْ يُشْرِكُونَ,,,30,33,21-x-22,,
138,21,Exercise,23,وَإِذْ زَيَّنَ لَهُمُ الشَّيْطَانُ أَعْمَالَهُمْ,,,8,48,21-x-23,,
138,21,Exercise,24,وَإِذْ وَاعَدْنَا مُوسَى أَرْبَعِينَ لَيْلَةً,,,2,51,21-x-24,,
142,22,Exercise,1,أَقْبَلَ بَعْضُهُمْ عَلَى بَعْضٍ يَتَسَاءَلُونَ,,,37,27,22-x-1,,
142,22,Exercise,2,أَوْلَائِكَ يُؤْثِرُونَ كِتَابَهُمْ,,,17,71,22-x-2,,
142,22,Exercise,3,قَرَأَهُ عَلَيْهِمْ,,,26,199,22-x-3,,
142,22,Exercise,4,أَذِنَ لَهُ الرَّحْمَنُ,,,20,109,22-x-4,,
142,22,Exercise,5,لَّنْ أَبْرَحَ الْأَرْضَ حَتَّى يَأْذَنَ لِي أَبِي,,,12,80,22-x-5,,
142,22,Exercise,6,سَأَلْتُ عِبَادِي عَنِّي,,,2,186,22-x-6,,
142,22,Exercise,7,يَسْأَلُونَ أَيَّانَ يَوْمُ الدِّينِ,,,51,12,22-x-7,,
142,22,Exercise,8,يَسْأَلُكَ النَّاسُ عَنِ السَّاعَةِ,,,33,63,22-x-8,,
142,22,Exercise,9,أَنشَأَكُم مِّن نَّفْسٍ وَاحِدَةٍ,,,6,98,22-x-9,,
142,22,Exercise,10,أَنَّبَتُهُمْ أَنشَأْتُم شَجَرَتَهَا أَمْ نَحْنُ الْمُنشِؤُونَ,,,56,72,22-x-10,,
142,22,Exercise,11,أَنشَأْنَا مِن بَعْدِهِمْ قُرُونًا آخَرِينَ,,,23,42,22-x-11,,
142,22,Exercise,12,كَانَ يَأْمُرُ أَهْلَهُ بِالصَّلَوةِ وَالزَّكَوةِ,,,19,55,22-x-12,,
142,22,Exercise,13,آمَنَ بِاللَّهِ وَمَلآئِكَتِهِ وَكُتُبِهِ وَرُسُلِهِ,,,2,285,22-x-13,,
142,22,Exercise,14,أَنُؤْمِنُ لِبَشَرَيْنِ مِثْلِنَا,,,23,47,22-x-14,,
143,22,Exercise,15,أَفَبِالْبَاطِلِ يُؤْمِنُونَ وَبِنِعْمَةِ اللَّهِ هُمْ يَكْفُرُونَ,,,16,72,22-x-15,,
143,22,Exercise,16,يُؤْثِرُونَ الْحَيَوةَ الدُّنْيَا,,,87,16,22-x-16,,
143,22,Exercise,17,قَدْ أَنزَلَهُ اللَّهُ عَلَيْنَا,,,12,91,22-x-17,,
143,22,Exercise,18,أَنْبَأَهُم بِأَسْمَائِهِمْ,,,2,33,22-x-18,,
143,22,Exercise,19,فَيُنَبِّئُهُم بِمَا كَانُوا يَعْمَلُونَ,,,6,108,22-x-19,,
143,22,Exercise,20,أَنُنبِئُكُمُ اللَّهُ بِمَا لاَ يَعْلَمُ,,,10,18,22-x-20,,
143,22,Exercise,21,مِّنْ أَنْبَاءِ هَذَا,,,66,3,22-x-21,,
143,22,Exercise,22,فَاسْتَأْذَنُوكَ لِلْخُرُوجِ,,,9,83,22-x-22,,
143,22,Exercise,23,إِنِّي آنَسْتُ نَارًا,,,20,10,22-x-23,,
143,22,Exercise,24,أَنُنبِئُكُم بِمَا تَأْكُلُونَ,,,3,49,22-x-24,,
149,23,Exercise,1,بِنِعْمَتِي الَّتِي أَنْعَمْتُ عَلَيْكُمْ,,,2,40,23-x-1,,
149,23,Exercise,2,هَذِهِ النَّارُ الَّتِي كُنتُم بِهَا تُكَذِّبُونَ,,,52,14,23-x-2,,
149,23,Exercise,3,آثَارُ الَّتِي وَقُودُهَا النَّاسُ وَالْحِجَارَةُ,,,2,24,23-x-3,,
149,23,Exercise,4,لاَ تَقْتُلُواْ النَّفْسَ الَّتِي حَرَّمَ اللَّهُ,,,6,151,23-x-4,,
149,23,Exercise,5,إِنَّ وَلِيِّيَ اللَّهُ الَّذِي نَزَّلَ الْكِتَابَ,,,7,196,23-x-5,,
149,23,Exercise,6,هُوَ الَّذِي سَخَّرَ الْبَحْرَ لِتَأْكُلُواْ مِنْهُ,,,16,14,23-x-6,,
149,23,Exercise,7,أَهَذَا الَّذِي بَعَثَ اللَّهُ رَسُولاً,,,25,41,23-x-7,,
149,23,Exercise,8,الَّذِي أَطْمَعُ أَن يَغْفِرَ لِي خَطِيئَتِي يَوْمَ الدِّينِ,,,26,82,23-x-8,,
149,23,Exercise,9,مَّنذَا الَّذِي يُقْرِضُ اللَّهَ قَرْضًا حَسَنًا,,,2,245,23-x-9,,
149,23,Exercise,10,تَبَارَكَ الَّذِي بِيَدِهِ الْمُلْكُ,,,67,1,23-x-10,,
149,23,Exercise,11,هُوَ الَّذِي أَخْرَجَ الَّذِينَ كَفَرُوا,,,59,2,23-x-11,,
149,23,Exercise,12,أَحْسَنَ كُلَّ شَيْءٍ خَلَقَهُ,,,32,7,23-x-12,,
149,23,Exercise,13,أُوْلَائِكَ الَّذِينَ حَبِطَتْ أَعْمَالُهُمْ فِي الدُّنْيَا وَالْآخِرَةِ,,,3,22,23-x-13,,
149,23,Exercise,14,لاَ تَكُونُواْ كَالَّذِينَ تَفَرَّقُواْ وَاخْتَلَفُواْ,,,3,105,23-x-14,,
149,23,Exercise,15,يُبَشِّرُ الْمُؤْمِنِينَ الَّذِينَ يَعْمَلُونَ الصَّالِحَاتِ أَنَّ لَهُمْ أَجْرًا كَبِيرًا,,,17,9,23-x-15,,
149,23,Exercise,16,يَجْعَلُ الرِّجْسَ عَلَى الَّذِينَ لاَ يَعْقِلُونَ,,,10,100,23-x-16,,
149,23,Exercise,17,وَيَقُولُ الَّذِينَ كَفَرُواْ لَسْتَ مُرْسَلاً,,,13,43,23-x-17,,
149,23,Exercise,18,إِنَّهَا شَجَرَةٌ تَخْرُجُ فِي أَصْلِ الْجَحِيمِ,,,37,64,23-x-18,,
150,23,Exercise,19,إِنَّا نُبَشِّرُكَ بِغُلامٍ اسْمُهُ يَحْيَى,,,19,7,23-x-19,,
150,23,Exercise,20,سَبْعُ بَقَرَاتٍ سِمَانٍ يَأْكُلُهُنَّ سَبْعٌ عِجَافٌ,,,12,43,23-x-20,,
150,23,Exercise,21,إِنَّ فِي ذَلِكَ لَآيَاتٍ لِّقَوْمٍ يَعْقِلُونَ,,,13,4,23-x-21,,
150,23,Exercise,22,إِنَّهُمْ فِتْيَةٌ آمَنُوا بِرَبِّهِمْ,,,18,13,23-x-22,,
150,23,Exercise,23,سُورَةٌ أَنزَلْنَاهَا,,,24,1,23-x-23,,
150,23,Exercise,24,فَأَخْرَجْنَا مِنْهُ خَضِرًا نُّخْرِجُ مِنْهُ حَبًّا,,,6,99,23-x-24,,
150,23,Exercise,25,عَلَى الْأَعْرَافِ رِجَالٌ يَعْرِفُونَ كُلاًّ بِسِيمَاهُمْ,,,7,46,23-x-25,,
150,23,Exercise,26,كَانَ مِن قَوْمٍ بَيْنَكُمْ وَبَيْنَهُم مِّيثَاقٌ,,,4,92,23-x-26,,
150,23,Exercise,27,أَنزَلْنَا الْحَدِيدَ فِيهِ بَأْسٌ شَدِيدٌ وَمَنَافِعُ لِلنَّاسِ,,,57,25,23-x-27,,
150,23,Exercise,28,أَمْ سَمِعْتُهُمْ,,,11,48,23-x-28,,
153,24,Exercise,1,إِنَّا نَحْنُ نَرِثُ الْأَرْضَ وَمَنْ عَلَيْهَا,,,19,40,24-x-1,,
153,24,Exercise,2,يَرِثُهَا عِبَادِيَ الصَّالِحُونَ,,,21,105,24-x-2,,
153,24,Exercise,3,أَنذَرَ مُوسَى وَقَوْمَهُ لِيُفْسِدُوا فِي الْأَرْضِ,,,7,127,24-x-3,,
153,24,Exercise,4,لاَ تَذَرْنِي فَرْدًا,,,21,89,24-x-4,,
153,24,Exercise,5,لا تَزِرُ وَازِرَةٌ وِزْرَ أُخْرَى,,,6,164,24-x-5,,
153,24,Exercise,6,وَسِعَ رَبِّي كُلَّ شَيْءٍ عِلْمًا,,,6,80,24-x-6,,
153,24,Exercise,7,وَتَصِفُ أَلْسِنَتُهُمُ الْكَذِبَ,,,16,62,24-x-7,,
154,24,Exercise,8,مِمَّا تَصِفُونَ,,,21,18,24-x-8,,
154,24,Exercise,9,فَلاَ يَصِلُونَ إِلَيْكُمَا,,,28,35,24-x-9,,
154,24,Exercise,10,لَّن يَصِلُواْ إِلَيْكَ,,,11,81,24-x-10,,
154,24,Exercise,11,وَضَعَ الْمِيزَانَ,,,55,7,24-x-11,,
154,24,Exercise,12,نَضَعُ الْمَوَازِينَ لِيَوْمِ الْقِيَامَةِ,,,21,47,24-x-12,,
154,24,Exercise,13,إِنَّ اللَّهَ وَعَدَكُمْ وَعْدَ الْحَقِّ,,,14,22,24-x-13,,
154,24,Exercise,14,أَلَمْ يَعِدْكُمْ رَبُّكُمْ وَعْدًا حَسَنًا,,,20,86,24-x-14,,
154,24,Exercise,15,أَيَعِظُكُمْ بِوَاحِدَةٍ,,,34,46,24-x-15,,
154,24,Exercise,16,يَعِظُكُمُ اللَّهُ,,,24,17,24-x-16,,
154,24,Exercise,17,وَقَعَ الْحَقُّ وَبَطَلَ مَا كَانُوا يَعْمَلُونَ,,,7,118,24-x-17,,
154,24,Exercise,18,وَهَبْنَا لَهُم مِّن رَّحْمَتِنَا,,,19,50,24-x-18,,
154,24,Exercise,19,وَهَبْ لِي رَبِّي حُكْمًا,,,26,21,24-x-19,,
154,24,Exercise,20,أُوْلَئِكَ يَبِئَسُوا مِن رَّحْمَتِي,,,29,23,24-x-20,,
154,24,Exercise,21,يَيْأَسُوا مِنَ الْآخِرَةِ,,,60,13,24-x-21,,
154,24,Exercise,22,هُم بِالْآخِرَةِ هُمْ يُوقِنُونَ,,,27,3,24-x-22,,
154,24,Exercise,23,كَانُوا بِآيَاتِنَا يُوقِنُونَ,,,27,82,24-x-23,,
154,24,Exercise,24,أَتَّخِذُ أَصْنَامًا آلِهَةً,,,6,74,24-x-24,,
154,24,Exercise,25,يَتَّخِذُ مِنكُمْ مُهْدَاءً,,,3,149,24-x-25,,
154,24,Exercise,26,يَتَّخِذُونَ الْكَافِرِينَ أَوْلِيَاءَ,,,4,139,24-x-26,,
160,25,Exercise,1,سَأَلُوا مُوسَى أَكْبَرَ مِن ذَلِكَ,,,4,153,25-x-1,,
160,25,Exercise,2,نَحْنُ أَكْثَرُ أَمْوَالاً وَأَوْلادًا,,,34,35,25-x-2,,
160,25,Exercise,3,أَأَنتُمْ أَعْلَمُ أَمِ اللَّهُ,,,2,140,25-x-3,,
160,25,Exercise,4,خَيْرٌ الْآخِرَةُ أَكْبَرُ,,,16,41,25-x-4,,
160,25,Exercise,5,هِيَ كَالْحِجَارَةِ أَوْ أَشَدُّ قَسْوَةً,,,2,74,25-x-5,,
161,25,Exercise,6,كَلِمَةُ الَّذِينَ كَفَرُوا السُّفْلَى وَكَلِمَةُ اللَّهِ هِيَ الْعُلْيَا,,,9,40,25-x-6,,
161,25,Exercise,7,إِنَّ أَرْبَحْكُمْ عِندَ اللَّهِ أَتْقَاكُمْ,,,49,13,25-x-7,,
161,25,Exercise,8,أَتَّبِعُكَ الْأَرْذَلُونَ,,,26,111,25-x-8,,
161,25,Exercise,9,أَيُّكُمْ أَحْسَنُ عَمَلاً,,,11,7,25-x-9,,
161,25,Exercise,10,أَدْلِكَ خَيْرٌ أَمْ جَنَّةُ الْخُلْدِ,,,25,15,25-x-10,,
161,25,Exercise,11,اللَّهُ خَيْرٌ وَأَبْقَى,,,20,73,25-x-11,,
161,25,Exercise,12,مَنْ أَضَلُّ مِمَّنْ هُوَ فِي شِقَاقٍ بَعِيدٍ,,,41,52,25-x-12,,
161,25,Exercise,13,قَالَتْهُ أَوْلَى بِهِمَا,,,4,135,25-x-13,,
161,25,Exercise,14,أَكْثَرُهُمْ لاَ يَعْقِلُونَ,,,5,103,25-x-14,,
161,25,Exercise,15,أَشَدُّ النَّاسِ عَدَاوَةً,,,5,82,25-x-15,,
161,25,Exercise,16,أَنَّتُم بِالْعُدْوَةِ الدُّنْيَا وَهُم بِالْعُدْوَةِ الْقُصْوَى,,,8,42,25-x-16,,
161,25,Exercise,17,فَمَنْ أَظْلَمُ مِمَّن كَذَّبَ بِآيَاتِ اللَّهِ,,,6,157,25-x-17,,
161,25,Exercise,18,هَلْ أُنَبِّئُكُم بِشَرٍّ مِّن ذَلِكَ,,,5,60,25-x-18,,
161,25,Exercise,19,لَهُ الْأَسْمَاءُ الْحُسْنَى,,,17,110,25-x-19,,
161,25,Exercise,20,اللَّهُ أَعْلَمُ بِمَا فِي أَنفُسِهِمْ,,,11,31,25-x-20,,
161,25,Exercise,21,أَصْحَابُ الْجَنَّةِ يَوْمَئِذٍ خَيْرٌ مُّسْتَقَرًّا وَأَحْسَنُ مَقِيلاً,,,25,24,25-x-21,,
161,25,Exercise,22,وَمَا عِندَ اللَّهِ خَيْرٌ لِلأَبْرَارِ,,,3,198,25-x-22,,
161,25,Exercise,23,هُوَ خَيْرُ الرَّازِقِينَ,,,23,72,25-x-23,,
161,25,Exercise,24,رَبُّكُمْ أَعْلَمُ بِمَا لَبِثْتُمْ,,,18,19,25-x-24,,
161,25,Exercise,25,ذَلِكَ أَزْكَى لَهُمْ,,,24,30,25-x-25,,
162,25,Exercise,26,لَخَلْقُ السَّمَاوَاتِ وَالْأَرْضِ أَكْبَرُ مِنْ خَلْقِ النَّاسِ,,,40,57,25-x-26,,
162,25,Exercise,27,وَلَكِنَّ أَكْثَرَ النَّاسِ لاَ يَعْلَمُونَ,,,39,18,25-x-27,,
162,25,Exercise,28,يَسْتَمِعُونَ الْقَوْلَ وَيَتَّبِعُونَ أَحْسَنَهُ,,,56,85,25-x-28,,
162,25,Exercise,29,نَحْنُ أَقْرَبُ إِلَيْهِ مِنْكُمْ,,,0,0,25-x-29,,
165,26,Exercise,1,أَحَلَّ اللَّهُ الْبَيْعَ وَحَرَّمَ الرِّبَوَا,,,2,275,26-x-1,,
165,26,Exercise,2,يُحِلُّونَهُ عَامًا وَيُحَرِّمُونَهُ عَامًا,,,9,37,26-x-2,,
165,26,Exercise,3,يُقَاتِلُونَكُمْ حَتَّى يَرُدُّوكُمْ عَنْ دِينِكُمْ,,,2,217,26-x-3,,
165,26,Exercise,4,فَرَدَدْنَاهُ إِلَى أُمِّهِ,,,28,13,26-x-4,,
165,26,Exercise,5,مَسَّهُ الشَّرُّ,,,17,83,26-x-5,,
165,26,Exercise,6,مَسَّ الْإِنْسَانَ الضُّرُّ,,,10,12,26-x-6,,
165,26,Exercise,7,نَحْنُ نَقُصُّ عَلَيْكَ نَبَأَهُمْ بِالْحَقِّ,,,18,13,26-x-7,,
165,26,Exercise,8,قَدْ قَصَصْنَاهُمْ عَلَيْكَ مِنْ قَبْلُ,,,4,164,26-x-8,,
165,26,Exercise,9,كُنَّا قَوْمًا ضَالِّينَ,,,23,106,26-x-9,,
165,26,Exercise,10,يُضِلُّونَ عَنْ سَبِيلِ اللَّهِ,,,38,26,26-x-10,,
165,26,Exercise,11,وَيُضِلُّ اللَّهُ الظَّالِمِينَ,,,14,27,26-x-11,,
165,26,Exercise,12,يُضِلُّونَهُمْ بِغَيْرِ عِلْمٍ,,,16,25,26-x-12,,
165,26,Exercise,13,فَقَالَ لَهُ فِرْعَوْنُ إِنِّي لَأَظُنُّكَ يَا مُوسَى مَسْحُورًا,,,17,101,26-x-13,,
166,26,Exercise,14,ظَنَنْتُمْ أَنَّ اللَّهَ لَا يَعْلَمُ كَثِيرًا مِمَّا تَعْمَلُونَ,,,41,22,26-x-14,,
166,26,Exercise,15,مَا لَا يَنْفَعُنَا وَلَا يَضُرُّنَا,,,6,71,26-x-15,,
166,26,Exercise,16,لَا تَضُرُّونَهُ شَيْئًا,,,11,57,26-x-16,,
166,26,Exercise,17,ثُمَّ أَضْطَرُّهُ إِلَى عِذَابِ النَّارِ,,,2,126,26-x-17,,
166,26,Exercise,18,أَعَدَّ لِلْكَافِرِينَ عَذَابًا أَلِيمًا,,,33,8,26-x-18,,
166,26,Exercise,19,أَعَدَّ اللَّهُ لَهُمْ جَنَّاتٍ,,,9,89,26-x-19,,
166,26,Exercise,20,كُنَّا نَعُدُّهُمْ مِنَ الْأَشْرَارِ,,,38,62,26-x-20,,
166,26,Exercise,21,إِنَّ يَوْمًا عِنْدَ رَبِّكَ كَأَلْفِ سَنَةٍ مِمَّا تَعُدُّونَ,,,22,47,26-x-21,,
166,26,Exercise,22,إِنَّ اللَّهَ لَا يُحِبُّ الْمُفْسِدِينَ,,,28,77,26-x-22,,
166,26,Exercise,23,فَلِمَ تُحَاجُّونَ فِي مَا لَيْسَ لَكُمْ بِهِ عِلْمٌ,,,3,66,26-x-23,,
166,26,Exercise,24,أَتُحَاجُّونَنَا فِي اللَّهِ,,,2,139,26-x-24,,
166,26,Exercise,25,إِنَّهُمْ لَيَصُدُّونَهُمْ عَنِ السَّبِيلِ,,,43,37,26-x-25,,
166,26,Exercise,26,كَأَيِّنْ مِنْ آيَةٍ فِي السَّمَاوَاتِ وَالْأَرْضِ يَمُرُّونَ عَلَيْهَا,,,12,105,26-x-26,,
170,27,Exercise,1,مَنْ يَغْفِرُ الذُّنُوبَ إِلَّا اللَّهُ,,,3,135,27-x-1,,
170,27,Exercise,2,لَا يَذْكُرُونَ اللَّهَ إِلَّا قَلِيلًا,,,4,142,27-x-2,,
170,27,Exercise,3,إِنْ هُوَ إِلَّا نَذِيرٌ مُبِينٌ,,,7,184,27-x-3,,
170,27,Exercise,4,مَا يَتَّبِعُ أَكْثَرُهُمْ إِلَّا ظَنًّا,,,10,36,27-x-4,,
170,27,Exercise,5,لَنْ يُؤْمِنَ مِنْ قَوْمِكَ إِلَّا مَنْ قَدْ آمَنَ,,,11,36,27-x-5,,
170,27,Exercise,6,مَا نُؤَخِّرُهُ إِلَّا لِأَجَلٍ مَعْدُودٍ,,,11,104,27-x-6,,
170,27,Exercise,7,مَا شَهِدْنَا إِلَّا بِمَا عَلِمْنَا,,,12,81,27-x-7,,
170,27,Exercise,8,مَا أَرْسَلْنَا مِنْ رَسُولٍ إِلَّا بِلِسَانِ قَوْمِهِ,,,14,4,27-x-8,,
170,27,Exercise,9,مَا خَلَقْنَا السَّمَاوَاتِ وَالْأَرْضَ وَمَا بَيْنَهُمَا إِلَّا بِالْحَقِّ,,,15,85,27-x-9,,
170,27,Exercise,10,إِنْ نَحْنُ إِلَّا بَشَرٌ مِثْلُكُمْ,,,14,11,27-x-10,,
171,27,Exercise,11,فَاتَّبَعُوهُ إِلَّا فَرِيقًا مِنَ الْمُؤْمِنِينَ,,,34,20,27-x-11,,
171,27,Exercise,12,مَا يُؤْمِنُ أَكْثَرُهُمْ بِاللَّهِ إِلَّا وَهُمْ مُشْرِكُونَ,,,12,106,27-x-12,,
171,27,Exercise,13,مَا يَعْبُدُونَ إِلَّا كَمَا يَعْبُدُ آبَاؤُهُمْ,,,11,109,27-x-13,,
171,27,Exercise,14,مَا نُنَزِّلُهُ إِلَّا بِقَدَرٍ مَعْلُومٍ,,,15,21,27-x-14,,
171,27,Exercise,15,مَا أَرْسَلْنَا مِنْ قَبْلِكَ إِلَّا رِجَالًا,,,16,43,27-x-15,,
171,27,Exercise,16,يَقُولُ الظَّالِمُونَ إِنْ تَتَّبِعُونَ إِلَّا رَجُلًا مَسْحُورًا,,,17,47,27-x-16,,
171,27,Exercise,17,مَا نَتَنَزَّلُ إِلَّا بِأَمْرِ رَبِّكَ,,,19,64,27-x-17,,
171,27,Exercise,18,إِنْ هُمْ إِلَّا كَالْأَنْعَامِ,,,25,44,27-x-18,,
171,27,Exercise,19,لَبِثَ فِيهِمْ أَلْفَ سَنَةٍ إِلَّا خَمْسِينَ عَامًا,,,29,14,27-x-19,,
171,27,Exercise,20,مَا يَعْقِلُهَا إِلَّا الْعَالِمُونَ,,,29,43,27-x-20,,
171,27,Exercise,21,مَا تَحْمِلُ مِنْ أُنْثَى وَلَا تَضَعُ إِلَّا بِعِلْمِهِ,,,41,47,27-x-21,,
171,27,Exercise,22,إِنْ مِنْ قَرْيَةٍ إِلَّا نَحْنُ مُهْلِكُوهَا قَبْلَ يَوْمِ الْقِيَامَةِ,,,17,58,27-x-22,,
171,27,Exercise,23,لَا يَأْكُلُهُ إِلَّا الْخَاطِئُونَ,,,69,37,27-x-23,,
171,27,Exercise,24,مَا هَذَا إِلَّا إِفْكٌ,,,34,43,27-x-24,,
171,27,Exercise,25,مَا مُحَمَّدٌ إِلَّا رَسُولٌ,,,3,144,27-x-25,,
171,27,Exercise,26,مَا مِنْ دَابَّةٍ فِي الْأَرْضِ إِلَّا عَلَى اللَّهِ رِزْقُهَا,,,11,6,27-x-26,,
178,28,Exercise,1,لَا تَخَافِي وَلَا تَحْزَنِي,,,28,7,28-x-1,,
178,28,Exercise,2,أَفَلَمْ يَسِيرُوا فِي الْأَرْضِ,,,40,82,28-x-2,,
178,28,Exercise,3,سَاءَتْ مُسْتَقَرًّا,,,25,66,28-x-3,,
178,28,Exercise,4,شَاءَ مَا كَانُوا يَعْمَلُونَ,,,58,15,28-x-4,,
178,28,Exercise,5,مَا تَشَاءُونَ إِلَّا أَنْ يَشَاءَ اللَّهُ,,,76,30,28-x-5,,
179,28,Exercise,6,نُصِيبُ بِرَحْمَتِنَا مَنْ نَشَاءُ,,,12,56,28-x-6,,
179,28,Exercise,7,سَيُصِيبُ الَّذِينَ كَفَرُوا مِنْهُمْ عَذَابٌ أَلِيمٌ,,,9,90,28-x-7,,
179,28,Exercise,8,جَاءُوهُمْ بِالْبَيِّنَاتِ,,,10,74,28-x-8,,
179,28,Exercise,9,أَجِئْتَنَا لِنَعْبُدَ اللَّهَ وَحْدَهُ,,,7,70,28-x-9,,
179,28,Exercise,10,أَتُرِيدُ أَنْ تَقْتُلَنِي كَمَا قَتَلْتَ نَفْسًا بِالْأَمْسِ,,,28,19,28-x-10,,
179,28,Exercise,11,لَمْ يُرِدْ إِلَّا الْحَيَوَةَ الدُّنْيَا,,,53,29,28-x-11,,
179,28,Exercise,12,أَرَدْنَا أَنْ يُبْدِلَهُمَا رَبُّهُمَا خَيْرًا مِنْهُ,,,18,81,28-x-12,,
179,28,Exercise,13,مَا كَانُوا يَسْتَطِيعُونَ السَّمْعَ,,,11,20,28-x-13,,
179,28,Exercise,14,قَالُوا سَمِعْنَا وَأَطَعْنَا,,,2,285,28-x-14,,
179,28,Exercise,15,سَنُطِيعُكُمْ فِي بَعْضِ الْأَمْرِ,,,47,26,28-x-15,,
179,28,Exercise,16,وَمِنْ آيَاتِهِ أَنْ تَقُومَ السَّمَاءُ,,,30,25,28-x-16,,
179,28,Exercise,17,فَلْتَقُمْ طَائِفَةٌ مِنْهُمْ مَعَكَ,,,4,102,28-x-17,,
179,28,Exercise,18,لَا نُقِيمُ لَهُمْ يَوْمَ الْقِيَامَةِ وَزْنًا,,,18,105,28-x-18,,
179,28,Exercise,19,لَا يَذُوقُونَ فِيهَا بَرْدًا وَلَا شَرَابًا,,,78,24,28-x-19,,
179,28,Exercise,20,ذَاقَتْ وَبَالَ أَمْرِهَا,,,65,9,28-x-20,,
179,28,Exercise,21,يَسْتَجِيبُ الَّذِينَ آمَنُوا وَعَمِلُوا الصَّالِحَاتِ,,,42,26,28-x-21,,
179,28,Exercise,22,فَاسْتَجَابَ لَهُ رَبُّهُ فَصَرَفَ عَنْهُ كَيْدَهُنَّ,,,12,34,28-x-22,,
179,28,Exercise,23,يَقُولُ مَا ذَا أَجَبْتُمُ الْمُرْسَلِينَ,,,28,65,28-x-23,,
179,28,Exercise,24,أَحَطْتُ بِمَا لَمْ تُحِطْ بِهِ,,,27,22,28-x-24,,
183,29,Exercise,1,قَالَ مُوسَى لِقَوْمِهِ يَا قَوْمِ إِنَّكُمْ ظَلَمْتُمْ,,,2,54,29-x-1,,
183,29,Exercise,2,يَا مَرْيَمُ إِنَّ اللَّهَ يُبَشِّرُكِ بِكَلِمَةٍ مِنْهُ,,,3,45,29-x-2,,
183,29,Exercise,3,يَا مُوسَى إِنَّا لَنْ نَدْخُلَهَا أَبَدًا,,,5,24,29-x-3,,
183,29,Exercise,4,يَا بَنِي آدَمَ قَدْ أَنْزَلْنَا عَلَيْكُمْ لِبَاسًا,,,7,26,29-x-4,,
183,29,Exercise,5,قَالَ يَا نُوحُ إِنَّهُ لَيْسَ مِنْ أَهْلِكَ,,,11,46,29-x-5,,
183,29,Exercise,6,يَا أَهْلَ الْكِتَابِ لِمَ تَكْفُرُونَ بِآيَاتِ اللَّهِ,,,3,70,29-x-6,,
183,29,Exercise,7,يَا دَاوُودُ إِنَّا جَعَلْنَاكَ خَلِيفَةً فِي الْأَرْضِ,,,38,26,29-x-7,,
183,29,Exercise,8,يَا عِبَادِيَ الَّذِينَ آمَنُوا إِنَّ أَرْضِي وَاسِعَةٌ,,,29,56,29-x-8,,
183,29,Exercise,9,يَا أَهْلَ الْكِتَابِ لَسْتُمْ عَلَى شَيْءٍ,,,5,68,29-x-9,,
183,29,Exercise,10,يَا عِيسَى ابْنَ مَرْيَمَ هَلْ يَسْتَطِيعُ رَبُّكَ أَنْ يُنَزِّلَ عَلَيْنَا,,,5,112,29-x-10,,
184,29,Exercise,11,يَا قَوْمِ لَيْسَ بِي ضَلَالَةٌ,,,7,61,29-x-11,,
184,29,Exercise,12,قَالَ يَا قَوْمِ لَقَدْ أَبْلَغْتُكُمْ رِسَالَةَ رَبِّي,,,7,79,29-x-12,,
184,29,Exercise,13,يَا أَهْلَ الْكِتَابِ لِمَ تَصُدُّونَ عَنْ سَبِيلِ اللَّهِ مَنْ آمَنَ,,,3,99,29-x-13,,
184,29,Exercise,14,يَا قَوْمِ لَا أَسْأَلُكُمْ عَلَيْهِ أَجْرًا,,,11,51,29-x-14,,
184,29,Exercise,15,يَا أَبَتِ لِمَ تَعْبُدُ مَا لَا يَسْمَعُ,,,19,42,29-x-15,,
184,29,Exercise,16,يَا قَوْمِ أَرَهْطِي أَعَزُّ عَلَيْكُمْ مِنَ اللَّهِ,,,11,92,29-x-16,,
184,29,Exercise,17,يَا قَوْمِ هَؤُلَاءِ بَنَاتِي,,,11,78,29-x-17,,
184,29,Exercise,18,قَالَ مُوسَى يَا فِرْعَوْنُ إِنِّي رَسُولٌ مِنْ رَبِّ الْعَالَمِينَ,,,7,104,29-x-18,,
184,29,Exercise,19,قَالُوا يَا نُوحُ قَدْ جَادَلْتَنَا فَأَكْثَرْتَ جِدَالَنَا,,,11,32,29-x-19,,
184,29,Exercise,20,يَا أَيُّهَا النَّاسُ قَدْ جَاءَكُمْ بُرْهَانٌ مِنْ رَبِّكُمْ,,,4,174,29-x-20,,
184,29,Exercise,21,يَا أَيُّهَا الرَّسُولُ لَا يَحْزُنْكَ الَّذِينَ يُسَارِعُونَ فِي الْكُفْرِ,,,5,41,29-x-21,,
184,29,Exercise,22,يَا أَيُّهَا النَّاسُ أَنْتُمُ الْفُقَرَاءُ إِلَى اللَّهِ,,,35,15,29-x-22,,
184,29,Exercise,23,يَا أَيُّهَا الَّذِينَ آمَنُوا لِمَ تَقُولُونَ مَا لَا تَفْعَلُونَ,,,61,2,29-x-23,,
184,29,Exercise,24,يَا أَيُّهَا الَّذِينَ كَفَرُوا لَا تَعْتَذِرُوا الْيَوْمَ,,,66,7,29-x-24,,
192,30,Exercise,1,أَتَتْ بِهِ قَوْمَهَا,,,19,27,30-x-1,,
192,30,Exercise,2,تَأْتِيَهُمُ السَّاعَةُ بَغْتَةً وَهُمْ لَا يَشْعُرُونَ,,,12,107,30-x-2,,
192,30,Exercise,3,كَمْ آتَيْنَاهُمْ مِنْ آيَةٍ بَيِّنَةٍ,,,2,211,30-x-3,,
192,30,Exercise,4,يُقِيمُونَ الصَّلَوَةَ وَيُؤْتُونَ الزَّكَوٰةَ,,,5,55,30-x-4,,
192,30,Exercise,5,إِنِّي أَرَاكَ وَقَوْمَكَ فِي ضَلَالٍ مُبِينٍ,,,6,74,30-x-5,,
192,30,Exercise,6,أَفَرَأَيْتُمُ الْمَاءَ الَّذِي تَشْرَبُونَ,,,56,68,30-x-6,,
192,30,Exercise,7,أُولَئِكَ يَرْجُونَ رَحْمَةَ اللَّهِ,,,2,218,30-x-7,,
192,30,Exercise,8,إِنِّي دَعَوْتُ قَوْمِي لَيْلًا وَنَهَارًا,,,71,5,30-x-8,,
192,30,Exercise,9,وَسَيَجْزِي اللَّهُ الشَّاكِرِينَ,,,3,144,30-x-9,,
193,30,Exercise,10,خَلَقَكُم مِّن طِينٍ ثُمَّ قَضَىٰٓ أَجَلًا,,,6,2,30-x-10,,
193,30,Exercise,11,يَمْشُونَ عَلَى ٱلْأَرْضِ,,,25,63,30-x-11,,
193,30,Exercise,12,يَأْكُلُ ٱلطَّعَامَ وَيَمْشِى فِى ٱلْأَسْوَاقِ,,,25,7,30-x-12,,
193,30,Exercise,13,ٱلْيَوْمَ نَنسَىٰهُمْ كَمَا نَسُوا۟ لِقَآءَ يَوْمِهِمْ هَـٰذَا,,,7,51,30-x-13,,
193,30,Exercise,14,لَا يَخْشَوْنَ أَحَدًا إِلَّا ٱللَّهَ,,,33,39,30-x-14,,
193,30,Exercise,15,هُوَ سَمَّىٰكُمُ ٱلْمُسْلِمِينَ,,,22,78,30-x-15,,
193,30,Exercise,16,فَنَادَتْهُ ٱلْمَلَـٰٓئِكَةُ وَهُوَ قَآئِمٌ يُصَلِّى,,,3,39,30-x-16,,
193,30,Exercise,17,هَدَيْنَـٰهُمْ إِلَىٰ صِرَٰطٍ مُّسْتَقِيمٍ,,,6,87,30-x-17,,
193,30,Exercise,18,إِنَّ ٱللَّهَ لَا يَهْدِى مَنْ هُوَ كَـٰذِبٌ كَفَّارٌ,,,39,3,30-x-18,,
193,30,Exercise,19,أَلْقَىٰ عَصَاهُ,,,7,107,30-x-19,,
193,30,Exercise,20,سَنُلْقِى فِى قُلُوبِ ٱلَّذِينَ كَفَرُوا۟ ٱلرُّعْبَ,,,3,151,30-x-20,,
193,30,Exercise,21,أَنجَيْنَا ٱلَّذِينَ ءَامَنُوا۟ وَكَانُوا۟ يَتَّقُونَ,,,27,53,30-x-21,,
193,30,Exercise,22,أَوْفَىٰ بِعَهْدِهِۦ وَٱتَّقَىٰ,,,3,76,30-x-22,,
193,30,Exercise,23,أَفَرَءَيْتَ ٱلَّذِى تَوَلَّىٰ وَأَعْطَىٰ قَلِيلًا,,,53,34,30-x-23,,
193,30,Exercise,24,تَوَلَّىٰ عَنْهُمْ وَقَالَ يَـٰقَوْمِ لَقَدْ أَبْلَغْتُكُمْ رِسَـٰلَـٰتِ رَبِّى,,,7,93,30-x-24,,
193,30,Exercise,25,ثُمَّ يَتَوَلَّىٰ فَرِيقٌ مِّنْهُمْ وَهُم مُّعْرِضُونَ,,,3,23,30-x-25,,
197,31,Exercise,1,لِكُلِّ وَٰحِدٍ مِّنْهُمَا ٱلسُّدُسُ,,,4,11,31-x-1,,
197,31,Exercise,2,مَا يَكُونُ مِن نَّجْوَىٰ ثَلَـٰثَةٍ إِلَّا هُوَ رَابِعُهُمْ,,,58,7,31-x-2,,
197,31,Exercise,3,رَابِعُهُمْ كَلْبُهُمْ,,,18,22,31-x-3,,
197,31,Exercise,4,لَكُمُ ٱلرُّبُعُ مِمَّا تَرَكْنَ,,,4,12,31-x-4,,
197,31,Exercise,5,لِأُمِّهِ ٱلثُّلُثُ,,,4,11,31-x-5,,
197,31,Exercise,6,لَهُنَّ ثُلُثَا مَا تَرَكَ,,,4,11,31-x-6,,
197,31,Exercise,7,لَّقَدْ كَفَرَ ٱلَّذِينَ قَالُوٓا۟ إِنَّ ٱللَّهَ ثَالِثُ ثَلَـٰثَةٍ,,,5,73,31-x-7,,
197,31,Exercise,8,أَنَا۠ أَوَّلُ ٱلْعَـٰبِدِينَ,,,43,81,31-x-8,,
197,31,Exercise,9,لَا تَكُونُوٓا۟ أَوَّلَ كَافِرٍۭ بِهِ,,,2,41,31-x-9,,
197,31,Exercise,10,إِنَّ هَـٰذَا لَفِى ٱلصُّحُفِ ٱلْأُولَىٰ,,,87,18,31-x-10,,
197,31,Exercise,11,أَلَمْ نُهْلِكِ ٱلْأَوَّلِينَ,,,77,16,31-x-11,,
197,31,Exercise,12,جَاءَ وَعْدُ أُولَىٰهُمَا,,,17,5,31-x-12,,
197,31,Exercise,13,وَيَقُولُونَ سَبْعَةٌ وَثَامِنُهُمْ كَلْبُهُمْ,,,18,22,31-x-13,,
197,31,Exercise,14,لَهُنَّ ٱلثُّمُنُ مِمَّا تَرَكْتُمْ,,,4,12,31-x-14,,
197,31,Exercise,15,مَا بَلَغُوا۟ مِعْشَارَ مَآ ءَاتَيْنَـٰهُمْ,,,34,45,31-x-15,,
197,31,Exercise,16,إِنَّ رَبَّكَ يَعْلَمُ أَنَّكَ تَقُومُ أَدْنَىٰ مِن ثُلُثَىِ ٱلَّيْلِ,,,73,20,31-x-16,,
197,31,Exercise,17,لَكُم نِّصْفُ مَا تَرَكَ أَزْوَٰجُكُمْ,,,4,12,31-x-17,,
197,31,Exercise,18,رَضِىَ ٱللَّهُ عَنْهُمْ وَرَضُوا۟ عَنْهُ,,,58,22,31-x-18,,
197,31,Exercise,19,فَأَرَىٰهُ ٱلْـَٔايَةَ ٱلْكُبْرَىٰ,,,79,20,31-x-19,,
198,31,Exercise,20,كَذَٰلِكَ يُرِيهِمُ ٱللَّهُ أَعْمَـٰلَهُمْ,,,2,167,31-x-20,,
198,31,Exercise,21,أَوَلَمْ يَكْفِهِمْ أَنَّآ أَنزَلْنَا عَلَيْكَ ٱلْكِتَـٰبَ,,,29,51,31-x-21,,
198,31,Exercise,22,كَفَىٰ بِٱللَّهِ وَلِيًّا,,,4,45,31-x-22,,
198,31,Exercise,23,كَفَىٰ بِٱللَّهِ شَهِيدًۢا بَيْنَنَا وَبَيْنَكُمْ,,,10,29,31-x-23,,
198,31,Exercise,24,لَيْسَ عَلَيْكُمْ جُنَاحٌ أَن تَبْتَغُوا۟ فَضْلًا مِّن رَّبِّكُمْ,,,2,198,31-x-24,,
202,32,Exercise,1,أَعْرِضْ عَنْهُمْ وَتَوَكَّلْ عَلَى ٱللَّهِ,,,4,81,32-x-1,,
202,32,Exercise,2,خُذُوا۟ مَآ ءَاتَيْنَـٰكُم بِقُوَّةٍ وَٱذْكُرُوا۟ مَا فِيهِ,,,2,63,32-x-2,,
202,32,Exercise,3,اُسْكُنْ أَنتَ وَزَوْجُكَ ٱلْجَنَّةَ وَكُلَا مِنْهَا,,,2,35,32-x-3,,
203,32,Exercise,4,وَأْمُرْ أَهْلَكَ بِٱلصَّلَوٰةِ وَٱصْطَبِرْ عَلَيْهَا,,,20,132,32-x-4,,
203,32,Exercise,5,ءَامِنُوا۟ بِٱللَّهِ وَرَسُولِهِۦ,,,57,7,32-x-5,,
203,32,Exercise,6,بَشِّرِ ٱلْمُنَـٰفِقِينَ بِأَنَّ لَهُمْ عَذَابًا أَلِيمًا,,,4,138,32-x-6,,
203,32,Exercise,7,اِسْتَغْفِرِى لِذَنۢبِكِ,,,12,29,32-x-7,,
203,32,Exercise,8,ٱجْعَلُوا۟ بُيُوتَكُمْ قِبْلَةً وَأَقِيمُوا۟ ٱلصَّلَوٰةَ,,,10,87,32-x-8,,
203,32,Exercise,9,إِنَّ ٱلشَّيْطَـٰنَ لَكُمْ عَدُوٌّ فَٱتَّخِذُوهُ عَدُوًّا,,,35,6,32-x-9,,
203,32,Exercise,10,أَنذِرْ قَوْمَكَ مِن قَبْلِ أَن يَأْتِيَهُمْ عَذَابٌ أَلِيمٌ,,,71,1,32-x-10,,
203,32,Exercise,11,ٱتَّقُوا۟ ٱللَّهَ وَكُونُوا۟ مَعَ ٱلصَّـٰدِقِينَ,,,9,119,32-x-11,,
203,32,Exercise,12,رَبِّ ٱجْعَلْ هَـٰذَا بَلَدًا ءَامِنًا وَٱرْزُقْ أَهْلَهُۥ مِنَ ٱلثَّمَرَٰتِ,,,2,126,32-x-12,,
203,32,Exercise,13,رُدُّوهُ إِلَى ٱللَّهِ وَٱلرَّسُولِ,,,4,59,32-x-13,,
203,32,Exercise,14,أَرُونِى مَا ذَا خَلَقُوا۟ مِنَ ٱلْأَرْضِ,,,46,4,32-x-14,,
203,32,Exercise,15,قُمْ فَأَنذِرْ,,,74,2,32-x-15,,
203,32,Exercise,16,قُلْ تَمَتَّعْ بِكُفْرِكَ قَلِيلًا إِنَّكَ مِنْ أَصْحَـٰبِ ٱلنَّارِ,,,39,8,32-x-16,,
203,32,Exercise,17,قَالَ رَبِّ ٱنصُرْنِى عَلَى ٱلْقَوْمِ ٱلْمُفْسِدِينَ,,,29,30,32-x-17,,
203,32,Exercise,18,أَوْفِ لَنَا ٱلْكَيْلَ وَتَصَدَّقْ عَلَيْنَآ,,,12,88,32-x-18,,
203,32,Exercise,19,ٱعْمَلُوا۟ مَا شِئْتُمْ ۖ إِنَّهُۥ بِمَا تَعْمَلُونَ بَصِيرٌ,,,41,40,32-x-19,,
203,32,Exercise,20,أَخْرِجُوٓا۟ ءَالَ لُوطٍ مِّن قَرْيَتِكُمْ,,,27,56,32-x-20,,
203,32,Exercise,21,فَأْتُوا۟ بِسُورَةٍ مِّن مِّثْلِهِۦ وَٱدْعُوا۟ شُهَدَآءَكُم,,,2,23,32-x-21,,
203,32,Exercise,22,يَقُولُونَ سَلَـٰمٌ عَلَيْكُمُ ٱدْخُلُوا۟ ٱلْجَنَّةَ بِمَا كُنتُمْ تَعْمَلُونَ,,,16,32,32-x-22,,
203,32,Exercise,23,قُلْ أَطِيعُوا۟ ٱللَّهَ وَٱلرَّسُولَ,,,3,32,32-x-23,,
203,32,Exercise,24,اِصْبِرْ عَلَىٰ مَا يَقُولُونَ وَٱهْجُرْهُمْ هَجْرًا جَمِيلًا,,,73,10,32-x-24,,
203,32,Exercise,25,قُلْ سِيرُوا۟ فِى ٱلْأَرْضِ فَٱنظُرُوا۟ كَيْفَ بَدَأَ ٱلْخَلْقَ,,,29,20,32-x-25,,
207,33,Exercise,1,أُخْرِجُوا۟ مِن دِيَـٰرِهِمْ,,,3,195,33-x-1,,
207,33,Exercise,2,أُخِذُوا۟ مِن مَّكَانٍ قَرِيبٍ,,,34,51,33-x-2,,
207,33,Exercise,3,مَآ أُوتِيتُم مِّنَ ٱلْعِلْمِ إِلَّا قَلِيلًا,,,17,85,33-x-3,,
208,33,Exercise,4,لَن نُّؤْمِنَ حَتَّىٰ نُؤْتَىٰ مِثْلَ مَآ أُوتِىَ رُسُلُ ٱللَّهِ,,,6,124,33-x-4,,
208,33,Exercise,5,جِا۟ي۟ءَ بِٱلنَّبِيِّـۧنَ وَٱلشُّهَدَآءِ وَقُضِىَ بَيْنَهُم,,,39,69,33-x-5,,
208,33,Exercise,6,سَتُدْعَوْنَ إِلَىٰ قَوْمٍ أُو۟لِى بَأْسٍ شَدِيدٍ,,,48,16,33-x-6,,
208,33,Exercise,7,أُغْشِيَتْ وُجُوهُهُمْ قِطَعًا مِّنَ ٱلَّيْلِ,,,10,27,33-x-7,,
208,33,Exercise,8,ثُمَّ تُوَفَّىٰ كُلُّ نَفْسٍ مَّا كَسَبَتْ وَهُمْ لَا يُظْلَمُونَ,,,2,281,33-x-8,,
208,33,Exercise,9,لَقَدْ وُعِدْنَا نَحْنُ وَءَابَآؤُنَا هَـٰذَا مِن قَبْلُ,,,23,83,33-x-9,,
208,33,Exercise,10,يَرَوْنَ مَا يُوعَدُونَ,,,46,35,33-x-10,,
208,33,Exercise,11,أُوحِىَ إِلَيْنَآ أَنَّ ٱلْعَذَابَ عَلَىٰ مَن كَذَّبَ وَتَوَلَّىٰ,,,20,48,33-x-11,,
208,33,Exercise,12,لَقَدِ ٱسْتُهْزِئَ بِرُسُلٍ مِّن قَبْلِكَ,,,21,41,33-x-12,,
208,33,Exercise,13,هَلْ يُهْلَكُ إِلَّا ٱلْقَوْمُ ٱلظَّـٰلِمُونَ,,,6,47,33-x-13,,
208,33,Exercise,14,قُولُوٓا۟ ءَامَنَّا بِٱلَّذِىٓ أُنزِلَ إِلَيْنَا,,,29,46,33-x-14,,
208,33,Exercise,15,هُمْ لَا يُنصَرُونَ,,,41,16,33-x-15,,
208,33,Exercise,16,لَا تَظْلِمُونَ وَلَا تُظْلَمُونَ,,,2,279,33-x-16,,
208,33,Exercise,17,يُرْزَقُونَ فِيهَا بِغَيْرِ حِسَابٍ,,,40,40,33-x-17,,
208,33,Exercise,18,هَـٰذِهِۦ بِضَـٰعَتُنَا رُدَّتْ إِلَيْنَا,,,12,65,33-x-18,,
208,33,Exercise,19,لَا تَأْكُلُوا۟ مِمَّا لَمْ يُذْكَرِ ٱسْمُ ٱللَّهِ عَلَيْهِ,,,6,121,33-x-19,,
208,33,Exercise,20,هَلْ تُجْزَوْنَ إِلَّا بِمَا كُنتُمْ تَكْسِبُونَ,,,10,52,33-x-20,,
208,33,Exercise,21,هَـٰذَا بَلَـٰغٌ لِّلنَّاسِ وَلِيُنذَرُوا۟ بِهِ,,,14,52,33-x-21,,
208,33,Exercise,22,أُو۟لَـٰٓئِكَ يُنَادَوْنَ مِن مَّكَانٍۭ بَعِيدٍ,,,41,44,33-x-22,,
208,33,Exercise,23,قَدْ كُذِّبَ رُسُلٌ مِّن قَبْلِكَ جَآءُو بِٱلْبَيِّنَـٰتِ,,,3,184,33-x-23,,
208,33,Exercise,24,أُبَلِّغُكُمْ مَّآ أُرْسِلْتُ بِهِ,,,46,23,33-x-24,,
209,33,Exercise,25,يُنفَخُ فِى ٱلصُّورِ,,,6,73,33-x-25,,
209,33,Exercise,26,ٱتَّقُوا۟ ٱلنَّارَ ٱلَّتِىٓ أُعِدَّتْ لِلْكَـٰفِرِينَ,,,3,131,33-x-26,,
209,33,Exercise,27,ظَنُّوٓا۟ أَنَّهُمْ أُحِيطَ بِهِمْ,,,10,22,33-x-27,,
209,33,Exercise,28,إِنَّ هَـٰذَا لَشَىْءٌ يُرَادُ,,,38,6,33-x-28,,
216,34,Exercise,1,يَوْمَ تَشْهَدُ عَلَيْهِمْ أَلْسِنَتُهُمْ,,,24,24,34-x-1,,
216,34,Exercise,2,يَوْمَ نَحْشُرُهُمْ جَمِيعًا,,,10,28,34-x-2,,
216,34,Exercise,3,يَوْمَ خَلَقَ ٱلسَّمَـٰوَٰتِ وَٱلْأَرْضَ,,,9,36,34-x-3,,
216,34,Exercise,4,يَوْمَ يَسْمَعُونَ ٱلصَّيْحَةَ,,,50,42,34-x-4,,
216,34,Exercise,5,يَوْمَ هُمْ عَلَى ٱلنَّارِ يُفْتَنُونَ,,,51,13,34-x-5,,
216,34,Exercise,6,يَوْمَ يُنفَخُ فِى ٱلصُّورِ,,,6,73,34-x-6,,
216,34,Exercise,7,يَوْمَ يَفِرُّ ٱلْمَرْءُ مِنْ أَخِيهِ,,,80,34,34-x-7,,
216,34,Exercise,8,أَبُونَا شَيْخٌ كَبِيرٌ,,,28,23,34-x-8,,
216,34,Exercise,9,تَبَّتْ يَدَآ أَبِى لَهَبٍ,,,111,1,34-x-9,,
216,34,Exercise,10,ٱرْجِعُوٓا۟ إِلَىٰٓ أَبِيكُمْ فَقُولُوا۟ يَـٰٓأَبَانَآ إِنَّ ٱبْنَكَ سَرَقَ,,,12,81,34-x-10,,
216,34,Exercise,11,قَالَ لِأَبِيهِ وَقَوْمِهِۦ مَا ذَا تَعْبُدُونَ,,,37,85,34-x-11,,
216,34,Exercise,12,مَا كَانَ أَبُوكِ ٱمْرَأَ سَوْءٍ,,,19,28,34-x-12,,
216,34,Exercise,13,كَانَ أَبَوَاهُ مُؤْمِنَيْنِ,,,18,80,34-x-13,,
216,34,Exercise,14,أُخْرِجَ أَبَوَيْكُم مِّنَ ٱلْجَنَّةِ,,,7,27,34-x-14,,
216,34,Exercise,15,قَالَ لَهُمْ أَخُوهُمْ نُوحٌ أَلَا تَتَّقُونَ,,,26,106,34-x-15,,
216,34,Exercise,16,أَرْسَلْنَا مُوسَىٰ وَأَخَاهُ هَـٰرُونَ بِـَٔايَـٰتِنَا,,,23,45,34-x-16,,
216,34,Exercise,17,هَلْ ءَامَنُكُمْ عَلَيْهِ إِلَّا كَمَآ أَمِنتُكُمْ عَلَىٰٓ أَخِيهِ,,,12,64,34-x-17,,
217,34,Exercise,18,فَأَصْلِحُوا۟ بَيْنَ أَخَوَيْكُمْ,,,49,10,34-x-18,,
217,34,Exercise,19,إِنَّ رَبَّكَ وَٰسِعُ ٱلْمَغْفِرَةِ,,,53,32,34-x-19,,
217,34,Exercise,20,إِنَّ ٱللَّهَ قَوِىٌّ شَدِيدُ ٱلْعِقَابِ,,,8,52,34-x-20,,
217,34,Exercise,21,وَلَا ٱلَّيْلُ سَابِقُ ٱلنَّهَارِ,,,36,40,34-x-21,,
217,34,Exercise,22,ٱلْمَلَـٰٓئِكَةُ بَاسِطُوٓا۟ أَيْدِيهِمْ,,,6,93,34-x-22,,
217,34,Exercise,23,ٱلْيَوْمَ نَخْتِمُ عَلَىٰٓ أَفْوَٰهِهِمْ,,,36,65,34-x-23,,
217,34,Exercise,24,يَـٰٓأَيُّهَا ٱلَّذِينَ ءَامَنُوا۟ لَا تَدْخُلُوا۟ بُيُوتًا غَيْرَ بُيُوتِكُمْ,,,24,27,34-x-24,,
217,34,Exercise,25,أَفَغَيْرَ ٱللَّهِ أَبْتَغِى حَكَمًا,,,6,114,34-x-25,,
217,34,Exercise,26,إِنَّ لَكَ لَأَجْرًا غَيْرَ مَمْنُونٍ,,,68,3,34-x-26,,
217,34,Exercise,27,ٱلسَّلَـٰمُ عَلَىَّ يَوْمَ وُلِدتُّ وَيَوْمَ أَمُوتُ,,,19,33,34-x-27,,
225,35,Exercise,1,أَفَمَن يُلْقَىٰ فِى ٱلنَّارِ خَيْرٌ أَم مَّن يَأْتِىٓ ءَامِنًا يَوْمَ ٱلْقِيَـٰمَةِ,,,41,40,35-x-1,,
225,35,Exercise,2,أَخَذَتْهُمُ ٱلصَّيْحَةُ مُصْبِحِينَ,,,15,83,35-x-2,,
225,35,Exercise,3,أَتَوْهُۥ دَٰخِرِينَ,,,27,87,35-x-3,,
225,35,Exercise,4,فَٱعْبُدِ ٱللَّهَ مُخْلِصًا لَّهُ ٱلدِّينَ,,,39,2,35-x-4,,
225,35,Exercise,5,خَرُّوا لَهُۥ سُجَّدًا,,,12,106,35-x-5,,
225,35,Exercise,6,لَا غَالِبَ لَكُمُ ٱلْيَوْمَ,,,8,48,35-x-6,,
225,35,Exercise,7,لَا مَلْجَأَ مِنَ ٱللَّهِ إِلَّآ إِلَيْهِ,,,9,118,35-x-7,,
225,35,Exercise,8,لَا عِلْمَ لَنَآ إِلَّا مَا عَلَّمْتَنَا,,,2,32,35-x-8,,
225,35,Exercise,9,لَا جُنَاحَ عَلَيْكُمْ فِيمَا تَرَٰضَيْتُم بِهِۦ,,,4,24,35-x-9,,
225,35,Exercise,10,لَا جِدَالَ فِى ٱلْحَجِّ,,,2,197,35-x-10,,
225,35,Exercise,11,ثُمَّ ٱزْدَادُوا كُفْرًا,,,3,90,35-x-11,,
225,35,Exercise,12,قُلِ ٱللَّهُ أَسْرَعُ مَكْرًا,,,10,21,35-x-12,,
225,35,Exercise,13,وَٱللَّهُ أَشَدُّ بَأْسًا,,,4,84,35-x-13,,
225,35,Exercise,14,أَيُّهُمْ أَحْسَنُ عَمَلًا,,,18,7,35-x-14,,
225,35,Exercise,15,إِنَّهُمْ يَكِيدُونَ كَيْدًا,,,86,15,35-x-15,,
225,35,Exercise,16,يَفْعَلُونَ عَمَلًا دُونَ ذَٰلِكَ,,,21,82,35-x-16,,
225,35,Exercise,17,تُحِبُّونَ ٱلْمَالَ حُبًّا جَمًّا,,,89,20,35-x-17,,
225,35,Exercise,18,مَا كُنتُمْ إِيَّانَا تَعْبُدُونَ,,,10,28,35-x-18,,
225,35,Exercise,19,نَّرْزُقُهُمْ وَإِيَّاكُمْ,,,17,31,35-x-19,,
225,35,Exercise,20,لَا تَقْتُلُوٓا أَوْلَـٰدَكُمْ خَشْيَةَ إِمْلَـٰقٍ,,,17,31,35-x-20,,
226,35,Exercise,21,مَا تُنفِقُونَ إِلَّا ٱبْتِغَآءَ وَجْهِ ٱللَّهِ,,,2,272,35-x-21,,
226,35,Exercise,22,إِنَّ ٱلْعِزَّةَ لِلَّهِ جَمِيعًا,,,4,139,35-x-22,,
226,35,Exercise,23,دَعَا رَبَّهُۥ مُنِيبًا إِلَيْهِ,,,39,8,35-x-23,,
226,35,Exercise,24,ذَهَبَ مُغَـٰضِبًا,,,21,87,35-x-24,,
226,35,Exercise,25,إرْجِعِىٓ إِلَىٰ رَبِّكِ رَاضِيَةً مَّرْضِيَّةً,,,89,28,35-x-25,,
226,35,Exercise,26,فَجَمَعْنَـٰهُمْ جَمْعًا,,,18,99,35-x-26,,
226,35,Exercise,27,لَا جَرَمَ أَنَّ لَهُمُ ٱلنَّارَ,,,16,62,35-x-27,,
226,35,Exercise,28,يُخْرِجُكُمْ إِخْرَاجًا,,,71,18,35-x-28,,
238,36,Exercise,1,إِن كُنتُمْ فِى رَيْبٍ مِّمَّا نَزَّلْنَا عَلَىٰ عَبْدِنَا فَأْتُوا بِسُورَةٍ,,,2,23,36-x-1,,
238,36,Exercise,2,إِن تَأْمَنْهُ بِدِينَارٍ لَّا يُؤَدِّهِۦٓ إِلَيْكَ,,,3,75,36-x-2,,
238,36,Exercise,3,إِن كَذَّبُوكَ فَقَدْ كُذِّبَ رُسُلٌ مِّن قَبْلِكَ,,,3,184,36-x-3,,
238,36,Exercise,4,إِن تَجْتَنِبُوا كَبَآئِرَ مَا تُنْهَوْنَ عَنْهُ نُكَفِّرْ عَنكُمْ سَيِّـَٔاتِكُمْ,,,4,31,36-x-4,,
238,36,Exercise,5,وَإِن تُعْرِضْ عَنْهُمْ فَلَن يَضُرُّوكَ شَيْـًٔا,,,5,42,36-x-5,,
238,36,Exercise,6,إِن جَـٰدَلُوكَ فَقُلِ ٱللَّهُ أَعْلَمُ بِمَا تَعْمَلُونَ,,,22,68,36-x-6,,
238,36,Exercise,7,إِن تُخْرَجْنَا فَإِنَّا ظَـٰلِمُونَ,,,23,107,36-x-7,,
238,36,Exercise,8,إِن نَّشَأْ نُغْرِقْهُمْ,,,36,43,36-x-8,,
238,36,Exercise,9,أَلْقُوهُ فِى غَيَـٰبَتِ ٱلْجُبِّ يَلْتَقِطْهُ بَعْضُ ٱلسَّيَّارَةِ,,,12,10,36-x-9,,
238,36,Exercise,10,هُزِّىٓ إِلَيْكِ بِجِذْعِ ٱلنَّخْلَةِ تُسَـٰقِطْ عَلَيْكِ رُطَبًا,,,19,25,36-x-10,,
238,36,Exercise,11,أَرْسِلْهُ مَعَنَا غَدًا يَرْتَعْ وَيَلْعَبْ,,,12,12,36-x-11,,
239,36,Exercise,12,ذَرُوهَا تَأْكُلْ فِىٓ أَرْضِ ٱللَّهِ,,,7,73,36-x-12,,
239,36,Exercise,13,ذَٰلِكُمْ خَيْرٌ لَّكُمْ إِن كُنتُمْ تَعْلَمُونَ,,,61,11,36-x-13,,
239,36,Exercise,14,هَاتُوا بُرْهَـٰنَكُمْ إِن كُنتُمْ صَـٰدِقِينَ,,,2,111,36-x-14,,
239,36,Exercise,15,إِذَا تَوَلَّىٰ سَعَىٰ فِى ٱلْأَرْضِ لِيُفْسِدَ فِيهَا,,,2,205,36-x-15,,
239,36,Exercise,16,إِذَا قَضَيْتُمُ ٱلصَّلَوٰةَ فَٱذْكُرُوا ٱللَّهَ قِيَـٰمًا وَقُعُودًا,,,4,103,36-x-16,,
239,36,Exercise,17,إِذَا جَآءَ أَجَلُهُمْ لَا يَسْتَـْٔخِرُونَ سَاعَةً وَلَا يَسْتَقْدِمُونَ,,,16,61,36-x-17,,
239,36,Exercise,18,إِذَا يُتْلَىٰ عَلَيْهِمْ يَخِرُّونَ لِلْأَذْقَانِ سُجَّدًا,,,17,107,36-x-18,,
239,36,Exercise,19,وَلَوْ شَآءَ ٱللَّهُ لَذَهَبَ بِسَمْعِهِمْ,,,2,20,36-x-19,,
239,36,Exercise,20,لَوْ يَجِدُونَ مَلْجَـًٔا أَوْ مَغَـٰرَٰتٍ أَوْ مُدَّخَلًا لَّوَلَّوْا إِلَيْهِ,,,9,57,36-x-20,,
239,36,Exercise,21,إِن لَّبِثْتُمْ إِلَّا قَلِيلًا لَّوْ أَنَّكُمْ كُنتُمْ تَعْلَمُونَ,,,23,114,36-x-21,,
239,36,Exercise,22,لَوْ كَانُوا عِندَنَا مَا مَاتُوا وَمَا قُتِلُوا,,,3,156,36-x-22,,
239,36,Exercise,23,أَىَّ ءَايَـٰتِ ٱللَّهِ تُنكِرُونَ,,,40,81,36-x-23,,
239,36,Exercise,24,هُوَ مَعَهُمْ أَيْنَمَا كَانُوا,,,58,7,36-x-24,,
239,36,Exercise,25,كُلَّمَآ أَرَادُوٓا أَن يَخْرُجُوا مِنْهَآ أُعِيدُوا فِيهَا,,,32,20,36-x-25,,
239,36,Exercise,26,مَنْ عَمِلَ صَـٰلِحًا فَلِنَفْسِهِۦ وَمَنْ أَسَآءَ فَعَلَيْهَا,,,41,46,36-x-26,,
239,36,Exercise,27,لَوْ تَرَىٰٓ إِذِ ٱلظَّـٰلِمُونَ فِى غَمَرَٰتِ ٱلْمَوْتِ,,,6,93,36-x-27,,
239,36,Exercise,28,أَرَءَيْتُمْ إِن كَانَ مِنْ عِندِ ٱللَّهِ وَكَفَرْتُم بِهِۦ,,,46,10,36-x-28,,
239,36,Exercise,29,قَدْ أَفْلَحَ مَن تَزَكَّىٰ,,,87,14,36-x-29,,
239,36,Exercise,30,إِن تَكُ حَسَنَةً يُضَـٰعِفْهَا,,,4,40,36-x-30,,
246,37,Exercise,1,وَٱحْذَرْهُمْ أَن يَفْتِنُوكَ عَن بَعْضِ مَآ أَنزَلَ ٱللَّهُ إِلَيْكَ,,,5,49,37-x-1,,
246,37,Exercise,2,يَعِظُكُمُ ٱللَّهُ أَن تَعُودُوا لِمِثْلِهِۦٓ أَبَدًا,,,24,17,37-x-2,,
246,37,Exercise,3,أَعُوذُ بِٱللَّهِ أَنْ أَكُونَ مِنَ ٱلْجَـٰهِلِينَ,,,2,67,37-x-3,,
246,37,Exercise,4,أَلْقَىٰ فِى ٱلْأَرْضِ رَوَٰسِىَ أَن تَمِيدَ بِكُمْ,,,16,15,37-x-4,,
246,37,Exercise,5,يُمْسِكُ ٱلسَّمَآءَ أَن تَقَعَ عَلَى ٱلْأَرْضِ,,,22,65,37-x-5,,
246,37,Exercise,6,أَفَأَمِنَ أَهْلُ ٱلْقُرَىٰٓ أَن يَأْتِيَهُم بَأْسُنَا,,,7,97,37-x-6,,
246,37,Exercise,7,إِنَّآ أَرْسَلْنَا نُوحًا إِلَىٰ قَوْمِهِۦٓ أَنْ أَنذِرْ قَوْمَكَ مِن قَبْلِ,,,71,1,37-x-7,,
246,37,Exercise,8,أَوْحَيْنَآ إِلَىٰ مُوسَىٰٓ أَنْ أَضْرِب بِّعَصَاكَ ٱلْبَحْرَ,,,26,63,37-x-8,,
246,37,Exercise,9,أَوْحَىٰ رَبُّكَ إِلَى ٱلنَّحْلِ أَنِ ٱتَّخِذِى مِنَ ٱلْجِبَالِ بُيُوتًا,,,16,68,37-x-9,,
246,37,Exercise,10,[37:104-5] نَادَيْنَـٰهُ أَنْ يـٰٓإِبْرَٰهِيمُ قَدْ صَدَّقْتَ ٱلرُّءْيَا,,,0,0,37-x-10,,
246,37,Exercise,11,[68:21-2] تَنَادَوْا مُصْبِحِينَ أَنِ ٱغْدُوا عَلَىٰ حَرْثِكُمْ,,,0,0,37-x-11,,
246,37,Exercise,12,أُنزِلَتْ سُورَةٌ أَنْ ءَامِنُوا بِٱللَّهِ وَجَـٰهِدُوا مَعَ رَسُولِهِ,,,9,86,37-x-12,,
246,37,Exercise,13,ءَاخِرُ دَعْوَىٰهُمْ أَنِ ٱلْحَمْدُ لِلَّهِ رَبِّ ٱلْعَـٰلَمِينَ,,,10,10,37-x-13,,
246,37,Exercise,14,[80:1-2] عَبَسَ وَتَوَلَّىٰٓ أَن جَآءَهُ ٱلْأَعْمَىٰ,,,0,0,37-x-14,,
246,37,Exercise,15,أَفَنَضْرِبُ عَنكُمُ ٱلذِّكْرَ صَفْحًا أَن كُنتُمْ قَوْمًا مُّشْرِفِينَ,,,43,5,37-x-15,,
246,37,Exercise,16,"[68:10, 14] لَا تُطِعْ كُلَّ حَلَّافٍ مَّهِينٍ … أَن كَانَ ذَا مَالٍ وَبَنِينَ",,,0,0,37-x-16,,
246,37,Exercise,17,[19:90-1] تَخِرُّ ٱلْجِبَالُ هَدًّا أَن دَعَوْا لِلرَّحْمَـٰنِ وَلَدًا,,,0,0,37-x-17,,
246,37,Exercise,18,ذَٰلِكَ أَن لَّمْ يَكُ رَّبُّكَ مُهْلِكَ ٱلْقُرَىٰ بِظُلْمٍ,,,6,131,37-x-18,,
247,37,Exercise,19,فَلَعَلَّكَ تَارِكٌ بَعْضَ مَا يُوحَىٰٓ إِلَيْكَ … أَن يَقُولُوا,,,11,12,37-x-19,,
247,37,Exercise,20,يُرِيكُمُ ءَايَـٰتِهِۦ لَعَلَّكُمْ تَعْقِلُونَ,,,2,73,37-x-20,,
247,37,Exercise,21,جَـٰهِدُوا فِى سَبِيلِهِۦ لَعَلَّكُمْ تُفْلِحُونَ,,,5,35,37-x-21,,
247,37,Exercise,22,أَنزَلْنَآ إِلَيْكَ ٱلذِّكْرَ لِتُبَيِّنَ لِلنَّاسِ مَا نُزِّلَ إِلَيْهِمْ,,,16,44,37-x-22,,
247,37,Exercise,23,إِنَّا جَعَلْنَـٰهُ قُرْءَٰنًا عَرَبِيًّا لَّعَلَّكُمْ تَعْقِلُونَ,,,43,3,37-x-23,,
247,37,Exercise,24,عَسَىٰٓ أَن تُحِبُّوا شَيْـًٔا وَهُوَ شَرٌّ لَّكُمْ,,,2,216,37-x-24,,
247,37,Exercise,25,عَسَىٰ رَبُّكُمْ أَن يُهْلِكَ عَدُوَّكُمْ,,,7,129,37-x-25,,
247,37,Exercise,26,عَسَى ٱللَّهُ أَن يَأْتِيَنِى بِهِمْ جَمِيعًا,,,12,83,37-x-26,,
247,37,Exercise,27,عَسَىٰٓ أَلَّآ أَكُونَ بِدُعَآءِ رَبِّى شَقِيًّا,,,19,48,37-x-27,,
253,38,Exercise,1,لَا يَزَالُ الَّذِينَ كَفَرُوا فِي مِرْيَةٍ,,,22,55,38-x-1,,
253,38,Exercise,2,مَا زَالَتْ تِلْكَ دَعْوَاهُمْ,,,21,15,38-x-2,,
253,38,Exercise,3,لَا تَزَالُ تَطَّلِعُ,,,5,13,38-x-3,,
253,38,Exercise,4,ظَلَّ وَجْهُهُ مُسْوَدًّا,,,16,58,38-x-4,,
253,38,Exercise,5,فَظَلْتُمْ تَفَكَّهُونَ,,,56,65,38-x-5,,
253,38,Exercise,6,ظَلُّوا فِيهِ يَعْرُجُونَ,,,15,14,38-x-6,,
253,38,Exercise,7,مَا دَامُوا فِيهَا,,,5,24,38-x-7,,
253,38,Exercise,8,مَا دُمْتُمْ حُرُمًا,,,5,96,38-x-8,,
253,38,Exercise,9,وَكُنْتُ عَلَيْهِمْ شَهِيدًا مَا دُمْتُ فِيهِمْ,,,5,117,38-x-9,,
253,38,Exercise,10,أَصْبَحُوا نَادِمِينَ,,,26,157,38-x-10,,
253,38,Exercise,11,أَصْبَحْتُمْ بِنِعْمَتِهِ إِخْوَانًا,,,3,103,38-x-11,,
253,38,Exercise,12,أَصْبَحْتُمْ مِنَ الْخَاسِرِينَ,,,41,23,38-x-12,,
254,38,Exercise,13,يَكَادُ الْبَرْقُ يَخْطَفُ أَبْصَارَهُمْ,,,2,20,38-x-13,,
254,38,Exercise,14,يَكَادُ زَيْتُهَا يُضِيءُ وَلَوْ لَمْ تَمْسَسْهُ نَارٌ,,,24,35,38-x-14,,
254,38,Exercise,15,لَا يَكَادُ يُبِينُ,,,43,52,38-x-15,,
254,38,Exercise,16,لَا يَكَادُونَ يَفْقَهُونَ حَدِيثًا,,,4,78,38-x-16,,
254,38,Exercise,17,لَوْلَا يُكَلِّمُنَا اللَّهُ,,,2,118,38-x-17,,
254,38,Exercise,18,لَوْلَا أُنْزِلَ عَلَيْهِ مَلَكٌ,,,6,8,38-x-18,,
254,38,Exercise,19,رَبَّنَا لَوْلَا أَرْسَلْتَ إِلَيْنَا رَسُولًا,,,20,134,38-x-19,,
254,38,Exercise,20,لَوْلَا تَشْكُرُونَ,,,56,70,38-x-20,,
254,38,Exercise,21,لَوْلَا تَسْتَغْفِرُونَ اللَّهَ,,,27,46,38-x-21,,
254,38,Exercise,22,لَوْلَا فَضْلُ اللَّهِ عَلَيْكُمْ وَرَحْمَتُهُ لَكُنْتُمْ مِنَ الْخَاسِرِينَ,,,2,64,38-x-22,,
254,38,Exercise,23,لَوْلَا كِتَابٌ مِنَ اللَّهِ سَبَقَ لَمَسَّكُمْ فِيمَا أَخَذْتُمْ عَذَابٌ عَظِيمٌ,,,8,68,38-x-23,,
254,38,Exercise,24,وَلَوْلَا أَجَلٌ مُسَمًّى لَجَاءَهُمُ الْعَذَابُ,,,29,53,38-x-24,,
254,38,Exercise,25,لَوْلَا نِعْمَةُ رَبِّي لَكُنْتُ مِنَ الْمُحْضَرِينَ,,,37,57,38-x-25,,
262,39,Exercise,1,وَيْلٌ لِلَّذِينَ كَفَرُوا مِنَ النَّارِ,,,38,27,39-x-1,,
262,39,Exercise,2,وَيْلٌ يَوْمَئِذٍ لِلْمُكَذِّبِينَ,,,52,11,39-x-2,,
262,39,Exercise,3,وَيْلٌ لِلَّذِينَ يَكْتُبُونَ الْكِتَابَ بِأَيْدِيهِمْ ثُمَّ يَقُولُونَ هَذَا مِنْ عِنْدِ اللَّهِ,,,2,79,39-x-3,,
262,39,Exercise,4,وَيْلٌ لِلْمُشْرِكِينَ,,,41,6,39-x-4,,
262,39,Exercise,5,يَا وَيْلَنَا قَدْ كُنَّا فِي غَفْلَةٍ مِنْ هَذَا,,,21,97,39-x-5,,
262,39,Exercise,6,يَا لَيْتَنِي لَمْ أُشْرِكْ بِرَبِّي أَحَدًا,,,18,42,39-x-6,,
262,39,Exercise,7,يَا لَيْتَنَا أَطَعْنَا اللَّهَ,,,33,66,39-x-7,,
262,39,Exercise,8,يَا لَيْتَ قَوْمِي يَعْلَمُونَ,,,36,26,39-x-8,,
262,39,Exercise,9,يَقُولُ الْكَافِرُ يَا لَيْتَنِي كُنْتُ تُرَابًا,,,78,40,39-x-9,,
263,39,Exercise,10,لَا أُقْسِمُ بِهَذَا الْبَلَدِ,,,90,1,39-x-10,,
263,39,Exercise,11,وَلَيَحْلِفُنَّ إِنْهُمْ لَكَإِذِبُونَ,,,9,107,39-x-11,,
263,39,Exercise,12,قَالُوا تَاللَّهِ إِنَّكَ لَفِي ضَلَالِكَ الْقَدِيمِ,,,12,95,39-x-12,,
263,39,Exercise,13,وَاللَّهِ رَبِّنَا مَا كُنَّا مُشْرِكِينَ,,,6,23,39-x-13,,
263,39,Exercise,14,فَوَرَبِّكَ لَنَسْأَلَنَّهُمْ أَجْمَعِينَ,,,15,92,39-x-14,,
263,39,Exercise,15,فَوَرَبِّكَ لَنَحْشُرَنَّهُمْ,,,19,68,39-x-15,,
263,39,Exercise,16,وَرَبِّي لَتَأْتِيَنَّكُمْ,,,34,3,39-x-16,,
263,39,Exercise,17,لَئِنْ سَأَلْتَهُمْ مَنْ خَلَقَهُمْ لَيَقُولُنَّ اللَّهُ,,,43,87,39-x-17,,
263,39,Exercise,18,كَتَبَ اللَّهُ لَأَغْلِبَنَّ أَنَا وَرُسُلِي,,,58,21,39-x-18,,
263,39,Exercise,19,لَنُخْرِجَنَّكُمْ مِنْ أَرْضِنَا,,,14,13,39-x-19,,
263,39,Exercise,20,لَيَجْمَعَنَّكُمْ إِلَى يَوْمِ الْقِيَامَةِ,,,4,87,39-x-20,,
263,39,Exercise,21,لَا يَصُدَّنَّكُمُ الشَّيْطَانُ,,,43,62,39-x-21,,
263,39,Exercise,22,لَا تَحْسَبَنَّ اللَّهَ غَافِلًا عَمَّا يَعْمَلُ الظَّالِمُونَ,,,14,42,39-x-22,,
263,39,Exercise,23,لَئِنْ لَمْ تَنْتَهِ لَأَرْجُمَنَّكَ,,,19,46,39-x-23,,
263,39,Exercise,24,لَئِنْ أَنْجَانَا مِنْ هَذِهِ لَنَكُونَنَّ مِنَ الشَّاكِرِينَ,,,6,63,39-x-24,,
263,39,Exercise,25,إِمَّا يُنْسِيَنَّكَ الشَّيْطَانُ فَلَا تَقْعُدْ بَعْدَ الذِّكْرَى مَعَ الْقَوْمِ الظَّالِمِينَ,,,6,68,39-x-25,,
263,39,Exercise,26,يَا بَنِي آدَمَ لَا يَفْتِنَنَّكُمُ الشَّيْطَانُ,,,7,27,39-x-26,,
263,39,Exercise,27,لَئِنْ لَمْ يَهْدِنِي رَبِّي لَأَكُونَنَّ مِنَ الْقَوْمِ الضَّالِّينَ,,,6,77,39-x-27,,
263,39,Exercise,28,لَا يَسْتَخِفَّنَّكَ الَّذِينَ لَا يُوقِنُونَ,,,30,60,39-x-28,,
268,40,Exercise,1,مَا كَانَ اللَّهُ لِيَظْلِمَهُمْ,,,29,40,40-x-1,,
268,40,Exercise,2,مَا كَانَ اللَّهُ لِيَذَرَ الْمُؤْمِنِينَ عَلَى مَا أَنْتُمْ عَلَيْهِ,,,3,179,40-x-2,,
268,40,Exercise,3,مَا كَانَ اللَّهُ لِيُضِلَّ قَوْمًا بَعْدَ إِذْ هَدَاهُمْ,,,9,115,40-x-3,,
268,40,Exercise,4,مَا كَانَ اللَّهُ لِيُطْلِعَكُمْ عَلَى الْغَيْبِ,,,3,179,40-x-4,,
268,40,Exercise,5,مَا كَانَ لَهُمْ أَنْ يَدْخُلُوهَا,,,2,114,40-x-5,,
268,40,Exercise,6,مَا كَانَ لِنَفْسٍ أَنْ تَمُوتَ إِلَّا بِإِذْنِ اللَّهِ,,,3,145,40-x-6,,
268,40,Exercise,7,مَا كَانَ لِرَسُولٍ أَنْ يَأْتِيَ بِآيَةٍ إِلَّا بِإِذْنِ اللَّهِ,,,13,38,40-x-7,,
268,40,Exercise,8,مَا كَانَ لِمُؤْمِنٍ أَنْ يَقْتُلَ مُؤْمِنًا,,,4,92,40-x-8,,
268,40,Exercise,9,مَا كَانَ لِلْمُشْرِكِينَ أَنْ يَعْمُرُوا مَسَاجِدَ اللَّهِ,,,9,17,40-x-9,,
268,40,Exercise,10,مَا كَانَ لَنَا أَنْ نَأْتِيَكُمْ بِسُلْطَانٍ,,,14,11,40-x-10,,
268,40,Exercise,11,مَا كَانَ لِبَشَرٍ أَنْ يُكَلِّمَهُ اللَّهُ إِلَّا وَحْيًا,,,42,51,40-x-11,,
268,40,Exercise,12,مَا كَانَ لِمُؤْمِنٍ وَلَا مُؤْمِنَةٍ أَنْ يَكُونَ لَهُمُ الْخِيَرَةُ,,,33,36,40-x-12,,
268,40,Exercise,13,مَا كَانَ لَكُمْ أَنْ تُؤْذُوا رَسُولَ اللَّهِ,,,33,53,40-x-13,,
268,40,Exercise,14,نِعْمَ النَّصِيرُ,,,8,40,40-x-14,,
268,40,Exercise,15,نِعْمَ أَجْرُ الْعَامِلِينَ,,,29,58,40-x-15,,
268,40,Exercise,16,نِعْمَ مَا يَعِظُكُمْ بِهِ,,,4,58,40-x-16,,
268,40,Exercise,17,سَاءَ مَا كَانُوا يَفْعَلُونَ,,,38,15,40-x-17,,
268,40,Exercise,18,سَاءَ سَبِيلًا,,,4,22,40-x-18,,
268,40,Exercise,19,بِئْسَ الشَّرَابُ وَسَاءَتْ مُرْتَفَقًا,,,18,29,40-x-19,,
268,40,Exercise,20,اِشْتَرَوْا بِهِ ثَمَنًا قَلِيلًا فَبِئْسَ مَا يَشْتَرُونَ,,,3,187,40-x-20,,
269,40,Exercise,21,بِئْسَ مَا كَانُوا يَصْنَعُونَ,,,5,63,40-x-21,,
269,40,Exercise,22,بِئْسَ مَثَلُ الْقَوْمِ الَّذِينَ كَذَّبُوا بِآيَاتِ اللَّهِ,,,62,5,40-x-22,,
269,40,Exercise,23,مَأْوَاهُمُ النَّارُ وَبِئْسَ مَثْوَى الظَّالِمِينَ,,,3,151,40-x-23,,
269,40,Exercise,24,مَأْوَاهُ جَهَنَّمُ وَبِئْسَ الْمَصِيرُ,,,3,162,40-x-24,,
269,40,Exercise,25,نِعْمَ الْعَبْدُ,,,38,30,40-x-25,,
